--
-- PostgreSQL database dump
--

-- Dumped from database version 11.5
-- Dumped by pg_dump version 11.5

--
-- Data for Name: topic; Type: TABLE DATA; Schema: public; Owner: jeremy
--

INSERT INTO public.topic (id, topic) VALUES (1, 'Generic');
INSERT INTO public.topic (id, topic) VALUES (2, 'withdrawal');
INSERT INTO public.topic (id, topic) VALUES (3, 'conglomeration');
INSERT INTO public.topic (id, topic) VALUES (4, 'South');
INSERT INTO public.topic (id, topic) VALUES (5, 'architect');
INSERT INTO public.topic (id, topic) VALUES (6, 'pixel');
INSERT INTO public.topic (id, topic) VALUES (7, 'optimal');
INSERT INTO public.topic (id, topic) VALUES (8, 'Kuna');
INSERT INTO public.topic (id, topic) VALUES (9, 'invoice');
INSERT INTO public.topic (id, topic) VALUES (10, 'Granite');
INSERT INTO public.topic (id, topic) VALUES (11, 'Account');
INSERT INTO public.topic (id, topic) VALUES (12, 'one-to-one');
INSERT INTO public.topic (id, topic) VALUES (13, 'generate');
INSERT INTO public.topic (id, topic) VALUES (14, 'Fantastic');
INSERT INTO public.topic (id, topic) VALUES (15, 'Bedfordshire');
INSERT INTO public.topic (id, topic) VALUES (16, 'Planner');
INSERT INTO public.topic (id, topic) VALUES (17, 'Specialist');
INSERT INTO public.topic (id, topic) VALUES (18, 'robust');
INSERT INTO public.topic (id, topic) VALUES (19, 'Tactics');
INSERT INTO public.topic (id, topic) VALUES (20, 'Zealand');
INSERT INTO public.topic (id, topic) VALUES (21, 'Vermont');
INSERT INTO public.topic (id, topic) VALUES (22, 'distributed');
INSERT INTO public.topic (id, topic) VALUES (23, 'Fuerte');
INSERT INTO public.topic (id, topic) VALUES (24, 'Pa');
INSERT INTO public.topic (id, topic) VALUES (25, 'US');
INSERT INTO public.topic (id, topic) VALUES (26, 'Branch');
INSERT INTO public.topic (id, topic) VALUES (27, 'Loan');
INSERT INTO public.topic (id, topic) VALUES (28, 'Orchard');
INSERT INTO public.topic (id, topic) VALUES (29, 'cross-media');
INSERT INTO public.topic (id, topic) VALUES (30, 'Buckinghamshire');
INSERT INTO public.topic (id, topic) VALUES (31, 'circuit');
INSERT INTO public.topic (id, topic) VALUES (32, 'Awesome');
INSERT INTO public.topic (id, topic) VALUES (33, 'Assistant');
INSERT INTO public.topic (id, topic) VALUES (34, 'secured');
INSERT INTO public.topic (id, topic) VALUES (35, 'yellow');
INSERT INTO public.topic (id, topic) VALUES (36, 'Direct');
INSERT INTO public.topic (id, topic) VALUES (37, 'concept');
INSERT INTO public.topic (id, topic) VALUES (38, 'navigating');
INSERT INTO public.topic (id, topic) VALUES (39, 'Cotton');
INSERT INTO public.topic (id, topic) VALUES (40, 'digital');
INSERT INTO public.topic (id, topic) VALUES (41, 'Credit');
INSERT INTO public.topic (id, topic) VALUES (42, 'Market');
INSERT INTO public.topic (id, topic) VALUES (43, 'EXE');
INSERT INTO public.topic (id, topic) VALUES (44, 'quantify');
INSERT INTO public.topic (id, topic) VALUES (45, 'quantifying');
INSERT INTO public.topic (id, topic) VALUES (46, 'hack');
INSERT INTO public.topic (id, topic) VALUES (47, 'Iraq');
INSERT INTO public.topic (id, topic) VALUES (48, 'Chips');
INSERT INTO public.topic (id, topic) VALUES (49, 'monitor');
INSERT INTO public.topic (id, topic) VALUES (50, 'channels');
INSERT INTO public.topic (id, topic) VALUES (51, 'Factors');
INSERT INTO public.topic (id, topic) VALUES (52, 'methodical');
INSERT INTO public.topic (id, topic) VALUES (53, 'Cambridgeshire');
INSERT INTO public.topic (id, topic) VALUES (54, 'matrix');
INSERT INTO public.topic (id, topic) VALUES (55, 'Director');
INSERT INTO public.topic (id, topic) VALUES (56, 'throughput');
INSERT INTO public.topic (id, topic) VALUES (57, 'input');
INSERT INTO public.topic (id, topic) VALUES (58, 'primary');
INSERT INTO public.topic (id, topic) VALUES (59, 'system');
INSERT INTO public.topic (id, topic) VALUES (60, 'parse');
INSERT INTO public.topic (id, topic) VALUES (61, 'Grocery');
INSERT INTO public.topic (id, topic) VALUES (62, 'Electronics');
INSERT INTO public.topic (id, topic) VALUES (63, 'Isle');
INSERT INTO public.topic (id, topic) VALUES (64, 'Man');
INSERT INTO public.topic (id, topic) VALUES (65, 'Dollar');
INSERT INTO public.topic (id, topic) VALUES (66, 'orange');
INSERT INTO public.topic (id, topic) VALUES (67, 'indexing');
INSERT INTO public.topic (id, topic) VALUES (68, 'metrics');
INSERT INTO public.topic (id, topic) VALUES (69, 'global');
INSERT INTO public.topic (id, topic) VALUES (70, 'Ergonomic');
INSERT INTO public.topic (id, topic) VALUES (71, 'ivory');
INSERT INTO public.topic (id, topic) VALUES (72, 'bandwidth');
INSERT INTO public.topic (id, topic) VALUES (73, 'firewall');
INSERT INTO public.topic (id, topic) VALUES (74, 'Operative');
INSERT INTO public.topic (id, topic) VALUES (75, 'Forward');
INSERT INTO public.topic (id, topic) VALUES (76, 'client-server');
INSERT INTO public.topic (id, topic) VALUES (77, 'Towels');
INSERT INTO public.topic (id, topic) VALUES (78, 'cohesive');
INSERT INTO public.topic (id, topic) VALUES (79, 'USB');
INSERT INTO public.topic (id, topic) VALUES (80, 'Wooden');
INSERT INTO public.topic (id, topic) VALUES (81, 'Chair');
INSERT INTO public.topic (id, topic) VALUES (82, 'Gloves');
INSERT INTO public.topic (id, topic) VALUES (83, 'black');
INSERT INTO public.topic (id, topic) VALUES (84, 'Designer');
INSERT INTO public.topic (id, topic) VALUES (85, 'Pass');
INSERT INTO public.topic (id, topic) VALUES (86, 'Associate');
INSERT INTO public.topic (id, topic) VALUES (87, 'protocol');
INSERT INTO public.topic (id, topic) VALUES (88, 'Books');
INSERT INTO public.topic (id, topic) VALUES (89, 'supply-chains');
INSERT INTO public.topic (id, topic) VALUES (90, 'core');
INSERT INTO public.topic (id, topic) VALUES (91, 'Gateway');
INSERT INTO public.topic (id, topic) VALUES (92, 'Borders');
INSERT INTO public.topic (id, topic) VALUES (93, 'green');
INSERT INTO public.topic (id, topic) VALUES (94, 'Web');
INSERT INTO public.topic (id, topic) VALUES (95, 'American');
INSERT INTO public.topic (id, topic) VALUES (96, 'Samoa');
INSERT INTO public.topic (id, topic) VALUES (97, 'hour');
INSERT INTO public.topic (id, topic) VALUES (98, 'neural');
INSERT INTO public.topic (id, topic) VALUES (99, 'Strategist');
INSERT INTO public.topic (id, topic) VALUES (100, 'Qatar');
INSERT INTO public.topic (id, topic) VALUES (101, 'Sahara');
INSERT INTO public.topic (id, topic) VALUES (102, 'Kingdom');
INSERT INTO public.topic (id, topic) VALUES (103, 'Soft');
INSERT INTO public.topic (id, topic) VALUES (104, 'Accounts');
INSERT INTO public.topic (id, topic) VALUES (105, 'Sleek');
INSERT INTO public.topic (id, topic) VALUES (106, 'infomediaries');
INSERT INTO public.topic (id, topic) VALUES (107, 'Dynamic');
INSERT INTO public.topic (id, topic) VALUES (108, 'RSS');
INSERT INTO public.topic (id, topic) VALUES (109, 'Steel');
INSERT INTO public.topic (id, topic) VALUES (110, 'Azerbaijanian');
INSERT INTO public.topic (id, topic) VALUES (111, 'Arab');
INSERT INTO public.topic (id, topic) VALUES (112, 'Reunion');
INSERT INTO public.topic (id, topic) VALUES (113, 'object-oriented');
INSERT INTO public.topic (id, topic) VALUES (114, 'New');
INSERT INTO public.topic (id, topic) VALUES (115, 'Lane');
INSERT INTO public.topic (id, topic) VALUES (116, 'Savings');
INSERT INTO public.topic (id, topic) VALUES (117, 'Gourde');
INSERT INTO public.topic (id, topic) VALUES (118, 'Moroccan');
INSERT INTO public.topic (id, topic) VALUES (119, 'Won');
INSERT INTO public.topic (id, topic) VALUES (120, 'success');
INSERT INTO public.topic (id, topic) VALUES (121, 'Gibraltar');
INSERT INTO public.topic (id, topic) VALUES (122, 'BEAC');
INSERT INTO public.topic (id, topic) VALUES (123, 'International');
INSERT INTO public.topic (id, topic) VALUES (124, 'reboot');
INSERT INTO public.topic (id, topic) VALUES (125, 'e-commerce');
INSERT INTO public.topic (id, topic) VALUES (126, 'Reactive');
INSERT INTO public.topic (id, topic) VALUES (127, 'Computer');
INSERT INTO public.topic (id, topic) VALUES (128, 'Hat');
INSERT INTO public.topic (id, topic) VALUES (129, 'Automotive');
INSERT INTO public.topic (id, topic) VALUES (130, 'evolve');


--
-- Data for Name: twither_user; Type: TABLE DATA; Schema: public; Owner: jeremy
--

INSERT INTO public.twither_user (id, username, password, firstname, lastname, email, bio) VALUES (1, 'Major53', 'kihunesajotirov', 'Javier', 'Feeney', 'Arvel85@gmail.com', 'Ipsum soluta alias accusantium in. Ipsa eum odit enim voluptatibus. Non doloremque explicabo distinctio aut natus. Sed consequuntur numquam et.');
INSERT INTO public.twither_user (id, username, password, firstname, lastname, email, bio) VALUES (2, 'Keenan.Harvey34', 'rifilawodojubiw', 'Arely', 'Russel', 'Lambert86@gmail.com', 'Autem placeat corrupti iure quae. Nesciunt itaque quam corrupti ut corrupti earum. Vitae architecto eos accusantium. Quia consequatur quas. Eos aperiam sapiente modi.');
INSERT INTO public.twither_user (id, username, password, firstname, lastname, email, bio) VALUES (3, 'Silas_Homenick16', 'zupiyifezolenoj', 'Gaetano', 'Collier', 'Karina71@hotmail.com', 'Fuga voluptas quia. Doloribus nemo nisi enim esse ut neque praesentium vero. Doloremque sed quas sapiente. Quaerat non veniam incidunt sapiente quam.');
INSERT INTO public.twither_user (id, username, password, firstname, lastname, email, bio) VALUES (4, 'Margarett_Connelly29', 'wiwudeyazexilud', 'Brycen', 'Hudson', 'Nicolas49@gmail.com', 'Occaecati fugit itaque eum consequatur distinctio eum illo molestiae. Dolores praesentium et. Atque doloribus est fugit et adipisci ut harum. Et ex ipsa. Laudantium culpa aut voluptates aliquam tenetur consequatur recusandae.');
INSERT INTO public.twither_user (id, username, password, firstname, lastname, email, bio) VALUES (5, 'Wilfrid38', 'cenivosariniren', 'Hettie', 'Sipes', 'Micah26@yahoo.com', 'Vitae sapiente natus numquam deserunt sequi cumque. Omnis et iusto. Officiis neque iure consequatur ut veniam voluptatum dolores dicta et.');
INSERT INTO public.twither_user (id, username, password, firstname, lastname, email, bio) VALUES (6, 'Hannah_Fisher41', 'vadotacolaxubem', 'Kole', 'Hirthe', 'Jacinto9@hotmail.com', 'Et quis minima. Dolorem facilis odit fugiat temporibus. Sed hic aut ut quia eius quia earum. Repellendus aliquam molestiae. Corrupti consequatur quasi qui.');
INSERT INTO public.twither_user (id, username, password, firstname, lastname, email, bio) VALUES (7, 'Susana16', 'puvigodiyiyusig', 'Green', 'Kshlerin', 'Ashlynn89@yahoo.com', 'Veniam possimus sunt suscipit magnam harum. Exercitationem et rerum et laudantium. Expedita omnis culpa sed doloremque maiores dolor aut nobis. Minima tempore molestiae magnam enim eveniet. Aut labore blanditiis accusamus enim praesentium aliquam mollitia. Illum natus itaque iure laudantium.');
INSERT INTO public.twither_user (id, username, password, firstname, lastname, email, bio) VALUES (8, 'Ebba93', 'kusujohurilofok', 'Aditya', 'Oberbrunner', 'Ferne62@gmail.com', 'Libero libero earum accusantium sint explicabo quasi voluptas. Sed quidem rem. Alias earum iste quod voluptates beatae vel. Aut corrupti culpa vero doloremque totam ut vel. Corrupti ea rerum maxime consequatur voluptas nulla. Et nihil quibusdam magnam occaecati sequi illum quo.');
INSERT INTO public.twither_user (id, username, password, firstname, lastname, email, bio) VALUES (9, 'Jeffery.Schaden93', 'lisuhapiqusiqiq', 'Sigrid', 'Krajcik', 'Carlo6@yahoo.com', 'Iste quod molestiae. Sit voluptas quo minima occaecati. Laboriosam sed et omnis ea. Delectus ab qui necessitatibus cumque magnam autem eum ab. Sit qui sint quibusdam vero eius maiores voluptatem.');
INSERT INTO public.twither_user (id, username, password, firstname, lastname, email, bio) VALUES (10, 'Dell.Rowe78', 'xicuhucipivituw', 'Rosella', 'Cronin', 'Ava14@yahoo.com', 'Nemo nostrum itaque inventore sunt itaque. Odio et sunt. Maxime culpa beatae dignissimos rem autem enim enim nostrum. Quia voluptatem eos sint. Consequuntur eum aut cumque quidem quibusdam delectus sunt qui. Voluptas impedit repellat dolore natus et tempore et.');
INSERT INTO public.twither_user (id, username, password, firstname, lastname, email, bio) VALUES (11, 'Megane95', 'dekerinofimikib', 'Joana', 'Bernhard', 'Ottilie89@gmail.com', 'Expedita atque suscipit esse repellendus officia molestiae dignissimos. Dignissimos dolores quibusdam fuga occaecati laboriosam exercitationem est ab doloribus. Nulla libero non eum ut odit tempora dolores magnam praesentium. Animi culpa quisquam. Voluptatem maiores quia numquam non.');
INSERT INTO public.twither_user (id, username, password, firstname, lastname, email, bio) VALUES (12, 'Leone.Hettinger66', 'nukelamepinuxuc', 'Hyman', 'Nikolaus', 'Jan52@hotmail.com', 'Consequuntur quasi nihil eligendi expedita ipsam. Omnis beatae delectus expedita voluptatibus qui dolore. Temporibus consequatur ipsum non accusantium corporis repudiandae quibusdam eum molestias. Impedit sunt rerum.');
INSERT INTO public.twither_user (id, username, password, firstname, lastname, email, bio) VALUES (13, 'Alberto.Stracke86', 'cizixejisojatal', 'Keaton', 'Schamberger', 'Leopoldo45@gmail.com', 'Occaecati fuga et adipisci. Quae cum voluptatibus alias consequuntur non laborum beatae. Voluptatem inventore ea laboriosam. Accusantium nihil dicta. Delectus adipisci expedita qui dolor eos. Officia et in dolorem sit molestiae velit et asperiores.');
INSERT INTO public.twither_user (id, username, password, firstname, lastname, email, bio) VALUES (14, 'Kacey26', 'tosedosimijagaz', 'Oswaldo', 'Swift', 'Jadyn66@yahoo.com', 'A qui occaecati perspiciatis ea enim ut quaerat culpa. In et non omnis. Deserunt ipsum nesciunt et dolor similique. Ea fuga placeat doloremque ullam nesciunt quae nihil. Dicta eaque maxime ducimus eveniet numquam porro maxime itaque quia. Voluptatem eius culpa.');
INSERT INTO public.twither_user (id, username, password, firstname, lastname, email, bio) VALUES (15, 'Gene14', 'foheqokahobakud', 'Kaia', 'Morar', 'Roy16@hotmail.com', 'Velit voluptatibus eveniet. Qui consectetur impedit consequatur voluptatem voluptates. Aut molestiae ipsam et explicabo perferendis omnis sint aut. Ut ut omnis odio dicta. Iusto aut tenetur voluptas sit.');
INSERT INTO public.twither_user (id, username, password, firstname, lastname, email, bio) VALUES (16, 'Benton51', 'nupepaxatihilan', 'Kaleigh', 'Abbott', 'Palma54@yahoo.com', 'Autem atque vero nemo. Ad doloremque aut ut consequatur qui ab accusamus reprehenderit aliquam. Vitae eos quia rem. Rerum asperiores tenetur ut illum ratione aut et voluptatem odio.');
INSERT INTO public.twither_user (id, username, password, firstname, lastname, email, bio) VALUES (17, 'Tad62', 'qayakukulisuvul', 'Elinor', 'Gerhold', 'Stefanie93@yahoo.com', 'Aliquid nesciunt deserunt ut ratione voluptatem dolores. Maiores consectetur deserunt aut aliquam odio. Delectus rerum aliquid maiores ut quo. Dolorum voluptas quam ut odit praesentium eum quia. Similique voluptate dolor totam quae. Voluptas et et facere laborum necessitatibus qui vel repellat id.');
INSERT INTO public.twither_user (id, username, password, firstname, lastname, email, bio) VALUES (18, 'Doris.Hills', 'rititidigicebup', 'Marvin', 'DuBuque', 'Olin84@gmail.com', 'Aperiam quidem asperiores quis beatae aliquid aperiam. Est consequatur quia qui quaerat sint assumenda quod sunt ut. Velit ut quia soluta et ad. Ducimus aspernatur ipsa excepturi itaque unde expedita tempore.');
INSERT INTO public.twither_user (id, username, password, firstname, lastname, email, bio) VALUES (19, 'Hubert.OHara', 'vicunofemarejuq', 'Baron', 'Herzog', 'Rodrigo37@yahoo.com', 'Distinctio nostrum atque et. Quis cupiditate id voluptatem adipisci nulla illo incidunt sint. Aut accusantium amet consequuntur sint dolorem incidunt sint laborum. Sed debitis enim voluptatem eum deserunt minima.');
INSERT INTO public.twither_user (id, username, password, firstname, lastname, email, bio) VALUES (20, 'Consuelo.Pfeffer42', 'jizohobapemotip', 'Edwardo', 'Lynch', 'Alene70@hotmail.com', 'Et voluptatibus sint laborum et aliquam rerum. Voluptatem earum dolores iste. Non id ipsa numquam laborum. Hic laborum recusandae aut suscipit omnis est. Unde debitis adipisci dolore odit rerum repudiandae sed animi. Enim dolorum vel qui nobis repudiandae harum omnis nam quo.');
INSERT INTO public.twither_user (id, username, password, firstname, lastname, email, bio) VALUES (21, 'Tremaine_Kuvalis52', 'safurijinuberab', 'Herman', 'O''Kon', 'Else12@yahoo.com', 'Eligendi dolores fuga adipisci natus dolor. Nulla unde voluptatum aut odit beatae officiis. Et repudiandae magnam. Exercitationem et minus est voluptatem occaecati tempora et suscipit. Iusto sunt id pariatur provident commodi voluptate ratione.');


--
-- Data for Name: topicfollow; Type: TABLE DATA; Schema: public; Owner: jeremy
--

INSERT INTO public.topicfollow (id, userid, topicid) VALUES (1, 1, 1);
INSERT INTO public.topicfollow (id, userid, topicid) VALUES (2, 2, 1);
INSERT INTO public.topicfollow (id, userid, topicid) VALUES (3, 3, 1);
INSERT INTO public.topicfollow (id, userid, topicid) VALUES (4, 6, 1);
INSERT INTO public.topicfollow (id, userid, topicid) VALUES (5, 9, 1);
INSERT INTO public.topicfollow (id, userid, topicid) VALUES (6, 12, 1);
INSERT INTO public.topicfollow (id, userid, topicid) VALUES (7, 17, 1);
INSERT INTO public.topicfollow (id, userid, topicid) VALUES (8, 19, 1);
INSERT INTO public.topicfollow (id, userid, topicid) VALUES (9, 21, 1);
INSERT INTO public.topicfollow (id, userid, topicid) VALUES (10, 1, 2);
INSERT INTO public.topicfollow (id, userid, topicid) VALUES (11, 3, 2);
INSERT INTO public.topicfollow (id, userid, topicid) VALUES (12, 5, 2);
INSERT INTO public.topicfollow (id, userid, topicid) VALUES (13, 9, 2);
INSERT INTO public.topicfollow (id, userid, topicid) VALUES (14, 13, 2);
INSERT INTO public.topicfollow (id, userid, topicid) VALUES (15, 14, 2);
INSERT INTO public.topicfollow (id, userid, topicid) VALUES (16, 15, 2);
INSERT INTO public.topicfollow (id, userid, topicid) VALUES (17, 16, 2);
INSERT INTO public.topicfollow (id, userid, topicid) VALUES (18, 3, 3);
INSERT INTO public.topicfollow (id, userid, topicid) VALUES (19, 12, 3);
INSERT INTO public.topicfollow (id, userid, topicid) VALUES (20, 17, 3);
INSERT INTO public.topicfollow (id, userid, topicid) VALUES (21, 18, 3);
INSERT INTO public.topicfollow (id, userid, topicid) VALUES (22, 19, 3);
INSERT INTO public.topicfollow (id, userid, topicid) VALUES (23, 21, 3);
INSERT INTO public.topicfollow (id, userid, topicid) VALUES (24, 1, 4);
INSERT INTO public.topicfollow (id, userid, topicid) VALUES (25, 6, 4);
INSERT INTO public.topicfollow (id, userid, topicid) VALUES (26, 9, 4);
INSERT INTO public.topicfollow (id, userid, topicid) VALUES (27, 12, 4);
INSERT INTO public.topicfollow (id, userid, topicid) VALUES (28, 13, 4);
INSERT INTO public.topicfollow (id, userid, topicid) VALUES (29, 14, 4);
INSERT INTO public.topicfollow (id, userid, topicid) VALUES (30, 16, 4);
INSERT INTO public.topicfollow (id, userid, topicid) VALUES (31, 18, 4);
INSERT INTO public.topicfollow (id, userid, topicid) VALUES (32, 5, 5);
INSERT INTO public.topicfollow (id, userid, topicid) VALUES (33, 6, 5);
INSERT INTO public.topicfollow (id, userid, topicid) VALUES (34, 8, 5);
INSERT INTO public.topicfollow (id, userid, topicid) VALUES (35, 9, 5);
INSERT INTO public.topicfollow (id, userid, topicid) VALUES (36, 10, 5);
INSERT INTO public.topicfollow (id, userid, topicid) VALUES (37, 11, 5);
INSERT INTO public.topicfollow (id, userid, topicid) VALUES (38, 14, 5);
INSERT INTO public.topicfollow (id, userid, topicid) VALUES (39, 15, 5);
INSERT INTO public.topicfollow (id, userid, topicid) VALUES (40, 17, 5);
INSERT INTO public.topicfollow (id, userid, topicid) VALUES (41, 18, 5);
INSERT INTO public.topicfollow (id, userid, topicid) VALUES (42, 20, 5);
INSERT INTO public.topicfollow (id, userid, topicid) VALUES (43, 21, 5);
INSERT INTO public.topicfollow (id, userid, topicid) VALUES (44, 3, 6);
INSERT INTO public.topicfollow (id, userid, topicid) VALUES (45, 6, 6);
INSERT INTO public.topicfollow (id, userid, topicid) VALUES (46, 8, 6);
INSERT INTO public.topicfollow (id, userid, topicid) VALUES (47, 11, 6);
INSERT INTO public.topicfollow (id, userid, topicid) VALUES (48, 14, 6);
INSERT INTO public.topicfollow (id, userid, topicid) VALUES (49, 18, 6);
INSERT INTO public.topicfollow (id, userid, topicid) VALUES (50, 1, 7);
INSERT INTO public.topicfollow (id, userid, topicid) VALUES (51, 2, 7);
INSERT INTO public.topicfollow (id, userid, topicid) VALUES (52, 4, 7);
INSERT INTO public.topicfollow (id, userid, topicid) VALUES (53, 6, 7);
INSERT INTO public.topicfollow (id, userid, topicid) VALUES (54, 7, 7);
INSERT INTO public.topicfollow (id, userid, topicid) VALUES (55, 14, 7);
INSERT INTO public.topicfollow (id, userid, topicid) VALUES (56, 15, 7);
INSERT INTO public.topicfollow (id, userid, topicid) VALUES (57, 16, 7);
INSERT INTO public.topicfollow (id, userid, topicid) VALUES (58, 21, 7);
INSERT INTO public.topicfollow (id, userid, topicid) VALUES (59, 4, 8);
INSERT INTO public.topicfollow (id, userid, topicid) VALUES (60, 5, 8);
INSERT INTO public.topicfollow (id, userid, topicid) VALUES (61, 6, 8);
INSERT INTO public.topicfollow (id, userid, topicid) VALUES (62, 8, 8);
INSERT INTO public.topicfollow (id, userid, topicid) VALUES (63, 11, 8);
INSERT INTO public.topicfollow (id, userid, topicid) VALUES (64, 12, 8);
INSERT INTO public.topicfollow (id, userid, topicid) VALUES (65, 13, 8);
INSERT INTO public.topicfollow (id, userid, topicid) VALUES (66, 14, 8);
INSERT INTO public.topicfollow (id, userid, topicid) VALUES (67, 15, 8);
INSERT INTO public.topicfollow (id, userid, topicid) VALUES (68, 16, 8);
INSERT INTO public.topicfollow (id, userid, topicid) VALUES (69, 18, 8);
INSERT INTO public.topicfollow (id, userid, topicid) VALUES (70, 20, 8);
INSERT INTO public.topicfollow (id, userid, topicid) VALUES (71, 21, 8);
INSERT INTO public.topicfollow (id, userid, topicid) VALUES (72, 1, 9);
INSERT INTO public.topicfollow (id, userid, topicid) VALUES (73, 3, 9);
INSERT INTO public.topicfollow (id, userid, topicid) VALUES (74, 5, 9);
INSERT INTO public.topicfollow (id, userid, topicid) VALUES (75, 6, 9);
INSERT INTO public.topicfollow (id, userid, topicid) VALUES (76, 9, 9);
INSERT INTO public.topicfollow (id, userid, topicid) VALUES (77, 11, 9);
INSERT INTO public.topicfollow (id, userid, topicid) VALUES (78, 14, 9);
INSERT INTO public.topicfollow (id, userid, topicid) VALUES (79, 17, 9);
INSERT INTO public.topicfollow (id, userid, topicid) VALUES (80, 19, 9);
INSERT INTO public.topicfollow (id, userid, topicid) VALUES (81, 2, 10);
INSERT INTO public.topicfollow (id, userid, topicid) VALUES (82, 4, 10);
INSERT INTO public.topicfollow (id, userid, topicid) VALUES (83, 5, 10);
INSERT INTO public.topicfollow (id, userid, topicid) VALUES (84, 6, 10);
INSERT INTO public.topicfollow (id, userid, topicid) VALUES (85, 11, 10);
INSERT INTO public.topicfollow (id, userid, topicid) VALUES (86, 13, 10);
INSERT INTO public.topicfollow (id, userid, topicid) VALUES (87, 14, 10);
INSERT INTO public.topicfollow (id, userid, topicid) VALUES (88, 16, 10);
INSERT INTO public.topicfollow (id, userid, topicid) VALUES (89, 18, 10);
INSERT INTO public.topicfollow (id, userid, topicid) VALUES (90, 20, 10);
INSERT INTO public.topicfollow (id, userid, topicid) VALUES (91, 7, 11);
INSERT INTO public.topicfollow (id, userid, topicid) VALUES (92, 9, 11);
INSERT INTO public.topicfollow (id, userid, topicid) VALUES (93, 12, 11);
INSERT INTO public.topicfollow (id, userid, topicid) VALUES (94, 13, 11);
INSERT INTO public.topicfollow (id, userid, topicid) VALUES (95, 15, 11);
INSERT INTO public.topicfollow (id, userid, topicid) VALUES (96, 17, 11);
INSERT INTO public.topicfollow (id, userid, topicid) VALUES (97, 20, 11);
INSERT INTO public.topicfollow (id, userid, topicid) VALUES (98, 3, 12);
INSERT INTO public.topicfollow (id, userid, topicid) VALUES (99, 5, 12);
INSERT INTO public.topicfollow (id, userid, topicid) VALUES (100, 6, 12);
INSERT INTO public.topicfollow (id, userid, topicid) VALUES (101, 7, 12);
INSERT INTO public.topicfollow (id, userid, topicid) VALUES (102, 10, 12);
INSERT INTO public.topicfollow (id, userid, topicid) VALUES (103, 14, 12);
INSERT INTO public.topicfollow (id, userid, topicid) VALUES (104, 21, 12);
INSERT INTO public.topicfollow (id, userid, topicid) VALUES (105, 3, 13);
INSERT INTO public.topicfollow (id, userid, topicid) VALUES (106, 5, 13);
INSERT INTO public.topicfollow (id, userid, topicid) VALUES (107, 8, 13);
INSERT INTO public.topicfollow (id, userid, topicid) VALUES (108, 9, 13);
INSERT INTO public.topicfollow (id, userid, topicid) VALUES (109, 13, 13);
INSERT INTO public.topicfollow (id, userid, topicid) VALUES (110, 14, 13);
INSERT INTO public.topicfollow (id, userid, topicid) VALUES (111, 15, 13);
INSERT INTO public.topicfollow (id, userid, topicid) VALUES (112, 18, 13);
INSERT INTO public.topicfollow (id, userid, topicid) VALUES (113, 1, 14);
INSERT INTO public.topicfollow (id, userid, topicid) VALUES (114, 3, 14);
INSERT INTO public.topicfollow (id, userid, topicid) VALUES (115, 6, 14);
INSERT INTO public.topicfollow (id, userid, topicid) VALUES (116, 7, 14);
INSERT INTO public.topicfollow (id, userid, topicid) VALUES (117, 14, 14);
INSERT INTO public.topicfollow (id, userid, topicid) VALUES (118, 15, 14);
INSERT INTO public.topicfollow (id, userid, topicid) VALUES (119, 18, 14);
INSERT INTO public.topicfollow (id, userid, topicid) VALUES (120, 3, 15);
INSERT INTO public.topicfollow (id, userid, topicid) VALUES (121, 4, 15);
INSERT INTO public.topicfollow (id, userid, topicid) VALUES (122, 5, 15);
INSERT INTO public.topicfollow (id, userid, topicid) VALUES (123, 11, 15);
INSERT INTO public.topicfollow (id, userid, topicid) VALUES (124, 13, 15);
INSERT INTO public.topicfollow (id, userid, topicid) VALUES (125, 15, 15);
INSERT INTO public.topicfollow (id, userid, topicid) VALUES (126, 16, 15);
INSERT INTO public.topicfollow (id, userid, topicid) VALUES (127, 20, 15);
INSERT INTO public.topicfollow (id, userid, topicid) VALUES (128, 1, 16);
INSERT INTO public.topicfollow (id, userid, topicid) VALUES (129, 2, 16);
INSERT INTO public.topicfollow (id, userid, topicid) VALUES (130, 3, 16);
INSERT INTO public.topicfollow (id, userid, topicid) VALUES (131, 5, 16);
INSERT INTO public.topicfollow (id, userid, topicid) VALUES (132, 6, 16);
INSERT INTO public.topicfollow (id, userid, topicid) VALUES (133, 8, 16);
INSERT INTO public.topicfollow (id, userid, topicid) VALUES (134, 9, 16);
INSERT INTO public.topicfollow (id, userid, topicid) VALUES (135, 11, 16);
INSERT INTO public.topicfollow (id, userid, topicid) VALUES (136, 13, 16);
INSERT INTO public.topicfollow (id, userid, topicid) VALUES (137, 20, 16);
INSERT INTO public.topicfollow (id, userid, topicid) VALUES (138, 21, 16);
INSERT INTO public.topicfollow (id, userid, topicid) VALUES (139, 6, 17);
INSERT INTO public.topicfollow (id, userid, topicid) VALUES (140, 9, 17);
INSERT INTO public.topicfollow (id, userid, topicid) VALUES (141, 11, 17);
INSERT INTO public.topicfollow (id, userid, topicid) VALUES (142, 3, 18);
INSERT INTO public.topicfollow (id, userid, topicid) VALUES (143, 11, 18);
INSERT INTO public.topicfollow (id, userid, topicid) VALUES (144, 14, 18);
INSERT INTO public.topicfollow (id, userid, topicid) VALUES (145, 15, 18);
INSERT INTO public.topicfollow (id, userid, topicid) VALUES (146, 18, 18);
INSERT INTO public.topicfollow (id, userid, topicid) VALUES (147, 19, 18);
INSERT INTO public.topicfollow (id, userid, topicid) VALUES (148, 21, 18);
INSERT INTO public.topicfollow (id, userid, topicid) VALUES (149, 2, 19);
INSERT INTO public.topicfollow (id, userid, topicid) VALUES (150, 3, 19);
INSERT INTO public.topicfollow (id, userid, topicid) VALUES (151, 4, 19);
INSERT INTO public.topicfollow (id, userid, topicid) VALUES (152, 8, 19);
INSERT INTO public.topicfollow (id, userid, topicid) VALUES (153, 9, 19);
INSERT INTO public.topicfollow (id, userid, topicid) VALUES (154, 10, 19);
INSERT INTO public.topicfollow (id, userid, topicid) VALUES (155, 11, 19);
INSERT INTO public.topicfollow (id, userid, topicid) VALUES (156, 13, 19);
INSERT INTO public.topicfollow (id, userid, topicid) VALUES (157, 14, 19);
INSERT INTO public.topicfollow (id, userid, topicid) VALUES (158, 15, 19);
INSERT INTO public.topicfollow (id, userid, topicid) VALUES (159, 16, 19);
INSERT INTO public.topicfollow (id, userid, topicid) VALUES (160, 17, 19);
INSERT INTO public.topicfollow (id, userid, topicid) VALUES (161, 4, 20);
INSERT INTO public.topicfollow (id, userid, topicid) VALUES (162, 9, 20);
INSERT INTO public.topicfollow (id, userid, topicid) VALUES (163, 10, 20);
INSERT INTO public.topicfollow (id, userid, topicid) VALUES (164, 12, 20);
INSERT INTO public.topicfollow (id, userid, topicid) VALUES (165, 15, 20);
INSERT INTO public.topicfollow (id, userid, topicid) VALUES (166, 16, 20);
INSERT INTO public.topicfollow (id, userid, topicid) VALUES (167, 17, 20);
INSERT INTO public.topicfollow (id, userid, topicid) VALUES (168, 18, 20);
INSERT INTO public.topicfollow (id, userid, topicid) VALUES (169, 20, 20);
INSERT INTO public.topicfollow (id, userid, topicid) VALUES (170, 1, 21);
INSERT INTO public.topicfollow (id, userid, topicid) VALUES (171, 6, 21);
INSERT INTO public.topicfollow (id, userid, topicid) VALUES (172, 7, 21);
INSERT INTO public.topicfollow (id, userid, topicid) VALUES (173, 8, 21);
INSERT INTO public.topicfollow (id, userid, topicid) VALUES (174, 10, 21);
INSERT INTO public.topicfollow (id, userid, topicid) VALUES (175, 15, 21);
INSERT INTO public.topicfollow (id, userid, topicid) VALUES (176, 16, 21);
INSERT INTO public.topicfollow (id, userid, topicid) VALUES (177, 18, 21);
INSERT INTO public.topicfollow (id, userid, topicid) VALUES (178, 21, 21);
INSERT INTO public.topicfollow (id, userid, topicid) VALUES (179, 3, 22);
INSERT INTO public.topicfollow (id, userid, topicid) VALUES (180, 4, 22);
INSERT INTO public.topicfollow (id, userid, topicid) VALUES (181, 7, 22);
INSERT INTO public.topicfollow (id, userid, topicid) VALUES (182, 8, 22);
INSERT INTO public.topicfollow (id, userid, topicid) VALUES (183, 9, 22);
INSERT INTO public.topicfollow (id, userid, topicid) VALUES (184, 10, 22);
INSERT INTO public.topicfollow (id, userid, topicid) VALUES (185, 11, 22);
INSERT INTO public.topicfollow (id, userid, topicid) VALUES (186, 12, 22);
INSERT INTO public.topicfollow (id, userid, topicid) VALUES (187, 15, 22);
INSERT INTO public.topicfollow (id, userid, topicid) VALUES (188, 16, 22);
INSERT INTO public.topicfollow (id, userid, topicid) VALUES (189, 19, 22);
INSERT INTO public.topicfollow (id, userid, topicid) VALUES (190, 20, 22);
INSERT INTO public.topicfollow (id, userid, topicid) VALUES (191, 21, 22);
INSERT INTO public.topicfollow (id, userid, topicid) VALUES (192, 1, 23);
INSERT INTO public.topicfollow (id, userid, topicid) VALUES (193, 5, 23);
INSERT INTO public.topicfollow (id, userid, topicid) VALUES (194, 7, 23);
INSERT INTO public.topicfollow (id, userid, topicid) VALUES (195, 9, 23);
INSERT INTO public.topicfollow (id, userid, topicid) VALUES (196, 11, 23);
INSERT INTO public.topicfollow (id, userid, topicid) VALUES (197, 16, 23);
INSERT INTO public.topicfollow (id, userid, topicid) VALUES (198, 20, 23);
INSERT INTO public.topicfollow (id, userid, topicid) VALUES (199, 21, 23);
INSERT INTO public.topicfollow (id, userid, topicid) VALUES (200, 2, 24);
INSERT INTO public.topicfollow (id, userid, topicid) VALUES (201, 3, 24);
INSERT INTO public.topicfollow (id, userid, topicid) VALUES (202, 7, 24);
INSERT INTO public.topicfollow (id, userid, topicid) VALUES (203, 14, 24);
INSERT INTO public.topicfollow (id, userid, topicid) VALUES (204, 16, 24);
INSERT INTO public.topicfollow (id, userid, topicid) VALUES (205, 17, 24);
INSERT INTO public.topicfollow (id, userid, topicid) VALUES (206, 19, 24);
INSERT INTO public.topicfollow (id, userid, topicid) VALUES (207, 21, 24);
INSERT INTO public.topicfollow (id, userid, topicid) VALUES (208, 2, 25);
INSERT INTO public.topicfollow (id, userid, topicid) VALUES (209, 3, 25);
INSERT INTO public.topicfollow (id, userid, topicid) VALUES (210, 5, 25);
INSERT INTO public.topicfollow (id, userid, topicid) VALUES (211, 11, 25);
INSERT INTO public.topicfollow (id, userid, topicid) VALUES (212, 13, 25);
INSERT INTO public.topicfollow (id, userid, topicid) VALUES (213, 14, 25);
INSERT INTO public.topicfollow (id, userid, topicid) VALUES (214, 15, 25);
INSERT INTO public.topicfollow (id, userid, topicid) VALUES (215, 3, 26);
INSERT INTO public.topicfollow (id, userid, topicid) VALUES (216, 5, 26);
INSERT INTO public.topicfollow (id, userid, topicid) VALUES (217, 10, 26);
INSERT INTO public.topicfollow (id, userid, topicid) VALUES (218, 13, 26);
INSERT INTO public.topicfollow (id, userid, topicid) VALUES (219, 14, 26);
INSERT INTO public.topicfollow (id, userid, topicid) VALUES (220, 16, 26);
INSERT INTO public.topicfollow (id, userid, topicid) VALUES (221, 17, 26);
INSERT INTO public.topicfollow (id, userid, topicid) VALUES (222, 18, 26);
INSERT INTO public.topicfollow (id, userid, topicid) VALUES (223, 21, 26);
INSERT INTO public.topicfollow (id, userid, topicid) VALUES (224, 1, 27);
INSERT INTO public.topicfollow (id, userid, topicid) VALUES (225, 6, 27);
INSERT INTO public.topicfollow (id, userid, topicid) VALUES (226, 7, 27);
INSERT INTO public.topicfollow (id, userid, topicid) VALUES (227, 8, 27);
INSERT INTO public.topicfollow (id, userid, topicid) VALUES (228, 9, 27);
INSERT INTO public.topicfollow (id, userid, topicid) VALUES (229, 10, 27);
INSERT INTO public.topicfollow (id, userid, topicid) VALUES (230, 14, 27);
INSERT INTO public.topicfollow (id, userid, topicid) VALUES (231, 15, 27);
INSERT INTO public.topicfollow (id, userid, topicid) VALUES (232, 16, 27);
INSERT INTO public.topicfollow (id, userid, topicid) VALUES (233, 21, 27);
INSERT INTO public.topicfollow (id, userid, topicid) VALUES (234, 1, 28);
INSERT INTO public.topicfollow (id, userid, topicid) VALUES (235, 2, 28);
INSERT INTO public.topicfollow (id, userid, topicid) VALUES (236, 3, 28);
INSERT INTO public.topicfollow (id, userid, topicid) VALUES (237, 5, 28);
INSERT INTO public.topicfollow (id, userid, topicid) VALUES (238, 6, 28);
INSERT INTO public.topicfollow (id, userid, topicid) VALUES (239, 17, 28);
INSERT INTO public.topicfollow (id, userid, topicid) VALUES (240, 18, 28);
INSERT INTO public.topicfollow (id, userid, topicid) VALUES (241, 19, 28);
INSERT INTO public.topicfollow (id, userid, topicid) VALUES (242, 1, 29);
INSERT INTO public.topicfollow (id, userid, topicid) VALUES (243, 2, 29);
INSERT INTO public.topicfollow (id, userid, topicid) VALUES (244, 4, 29);
INSERT INTO public.topicfollow (id, userid, topicid) VALUES (245, 5, 29);
INSERT INTO public.topicfollow (id, userid, topicid) VALUES (246, 6, 29);
INSERT INTO public.topicfollow (id, userid, topicid) VALUES (247, 14, 29);
INSERT INTO public.topicfollow (id, userid, topicid) VALUES (248, 16, 29);
INSERT INTO public.topicfollow (id, userid, topicid) VALUES (249, 19, 29);
INSERT INTO public.topicfollow (id, userid, topicid) VALUES (250, 1, 30);
INSERT INTO public.topicfollow (id, userid, topicid) VALUES (251, 2, 30);
INSERT INTO public.topicfollow (id, userid, topicid) VALUES (252, 7, 30);
INSERT INTO public.topicfollow (id, userid, topicid) VALUES (253, 9, 30);
INSERT INTO public.topicfollow (id, userid, topicid) VALUES (254, 12, 30);
INSERT INTO public.topicfollow (id, userid, topicid) VALUES (255, 13, 30);
INSERT INTO public.topicfollow (id, userid, topicid) VALUES (256, 14, 30);
INSERT INTO public.topicfollow (id, userid, topicid) VALUES (257, 16, 30);
INSERT INTO public.topicfollow (id, userid, topicid) VALUES (258, 19, 30);
INSERT INTO public.topicfollow (id, userid, topicid) VALUES (259, 20, 30);
INSERT INTO public.topicfollow (id, userid, topicid) VALUES (260, 3, 31);
INSERT INTO public.topicfollow (id, userid, topicid) VALUES (261, 6, 31);
INSERT INTO public.topicfollow (id, userid, topicid) VALUES (262, 11, 31);
INSERT INTO public.topicfollow (id, userid, topicid) VALUES (263, 12, 31);
INSERT INTO public.topicfollow (id, userid, topicid) VALUES (264, 13, 31);
INSERT INTO public.topicfollow (id, userid, topicid) VALUES (265, 17, 31);
INSERT INTO public.topicfollow (id, userid, topicid) VALUES (266, 19, 31);
INSERT INTO public.topicfollow (id, userid, topicid) VALUES (267, 20, 31);
INSERT INTO public.topicfollow (id, userid, topicid) VALUES (268, 1, 32);
INSERT INTO public.topicfollow (id, userid, topicid) VALUES (269, 4, 32);
INSERT INTO public.topicfollow (id, userid, topicid) VALUES (270, 5, 32);
INSERT INTO public.topicfollow (id, userid, topicid) VALUES (271, 8, 32);
INSERT INTO public.topicfollow (id, userid, topicid) VALUES (272, 9, 32);
INSERT INTO public.topicfollow (id, userid, topicid) VALUES (273, 12, 32);
INSERT INTO public.topicfollow (id, userid, topicid) VALUES (274, 13, 32);
INSERT INTO public.topicfollow (id, userid, topicid) VALUES (275, 15, 32);
INSERT INTO public.topicfollow (id, userid, topicid) VALUES (276, 17, 32);
INSERT INTO public.topicfollow (id, userid, topicid) VALUES (277, 18, 32);
INSERT INTO public.topicfollow (id, userid, topicid) VALUES (278, 20, 32);
INSERT INTO public.topicfollow (id, userid, topicid) VALUES (279, 21, 32);
INSERT INTO public.topicfollow (id, userid, topicid) VALUES (280, 3, 33);
INSERT INTO public.topicfollow (id, userid, topicid) VALUES (281, 4, 33);
INSERT INTO public.topicfollow (id, userid, topicid) VALUES (282, 7, 33);
INSERT INTO public.topicfollow (id, userid, topicid) VALUES (283, 9, 33);
INSERT INTO public.topicfollow (id, userid, topicid) VALUES (284, 11, 33);
INSERT INTO public.topicfollow (id, userid, topicid) VALUES (285, 12, 33);
INSERT INTO public.topicfollow (id, userid, topicid) VALUES (286, 15, 33);
INSERT INTO public.topicfollow (id, userid, topicid) VALUES (287, 16, 33);
INSERT INTO public.topicfollow (id, userid, topicid) VALUES (288, 20, 33);
INSERT INTO public.topicfollow (id, userid, topicid) VALUES (289, 21, 33);
INSERT INTO public.topicfollow (id, userid, topicid) VALUES (290, 1, 34);
INSERT INTO public.topicfollow (id, userid, topicid) VALUES (291, 3, 34);
INSERT INTO public.topicfollow (id, userid, topicid) VALUES (292, 5, 34);
INSERT INTO public.topicfollow (id, userid, topicid) VALUES (293, 6, 34);
INSERT INTO public.topicfollow (id, userid, topicid) VALUES (294, 7, 34);
INSERT INTO public.topicfollow (id, userid, topicid) VALUES (295, 8, 34);
INSERT INTO public.topicfollow (id, userid, topicid) VALUES (296, 9, 34);
INSERT INTO public.topicfollow (id, userid, topicid) VALUES (297, 10, 34);
INSERT INTO public.topicfollow (id, userid, topicid) VALUES (298, 15, 34);
INSERT INTO public.topicfollow (id, userid, topicid) VALUES (299, 17, 34);
INSERT INTO public.topicfollow (id, userid, topicid) VALUES (300, 19, 34);
INSERT INTO public.topicfollow (id, userid, topicid) VALUES (301, 20, 34);
INSERT INTO public.topicfollow (id, userid, topicid) VALUES (302, 21, 34);
INSERT INTO public.topicfollow (id, userid, topicid) VALUES (303, 1, 35);
INSERT INTO public.topicfollow (id, userid, topicid) VALUES (304, 4, 35);
INSERT INTO public.topicfollow (id, userid, topicid) VALUES (305, 13, 35);
INSERT INTO public.topicfollow (id, userid, topicid) VALUES (306, 16, 35);
INSERT INTO public.topicfollow (id, userid, topicid) VALUES (307, 18, 35);
INSERT INTO public.topicfollow (id, userid, topicid) VALUES (308, 21, 35);
INSERT INTO public.topicfollow (id, userid, topicid) VALUES (309, 2, 36);
INSERT INTO public.topicfollow (id, userid, topicid) VALUES (310, 4, 36);
INSERT INTO public.topicfollow (id, userid, topicid) VALUES (311, 6, 36);
INSERT INTO public.topicfollow (id, userid, topicid) VALUES (312, 10, 36);
INSERT INTO public.topicfollow (id, userid, topicid) VALUES (313, 11, 36);
INSERT INTO public.topicfollow (id, userid, topicid) VALUES (314, 14, 36);
INSERT INTO public.topicfollow (id, userid, topicid) VALUES (315, 15, 36);
INSERT INTO public.topicfollow (id, userid, topicid) VALUES (316, 17, 36);
INSERT INTO public.topicfollow (id, userid, topicid) VALUES (317, 20, 36);
INSERT INTO public.topicfollow (id, userid, topicid) VALUES (318, 2, 37);
INSERT INTO public.topicfollow (id, userid, topicid) VALUES (319, 4, 37);
INSERT INTO public.topicfollow (id, userid, topicid) VALUES (320, 8, 37);
INSERT INTO public.topicfollow (id, userid, topicid) VALUES (321, 9, 37);
INSERT INTO public.topicfollow (id, userid, topicid) VALUES (322, 14, 37);
INSERT INTO public.topicfollow (id, userid, topicid) VALUES (323, 17, 37);
INSERT INTO public.topicfollow (id, userid, topicid) VALUES (324, 18, 37);
INSERT INTO public.topicfollow (id, userid, topicid) VALUES (325, 1, 38);
INSERT INTO public.topicfollow (id, userid, topicid) VALUES (326, 3, 38);
INSERT INTO public.topicfollow (id, userid, topicid) VALUES (327, 4, 38);
INSERT INTO public.topicfollow (id, userid, topicid) VALUES (328, 6, 38);
INSERT INTO public.topicfollow (id, userid, topicid) VALUES (329, 12, 38);
INSERT INTO public.topicfollow (id, userid, topicid) VALUES (330, 13, 38);
INSERT INTO public.topicfollow (id, userid, topicid) VALUES (331, 17, 38);
INSERT INTO public.topicfollow (id, userid, topicid) VALUES (332, 21, 38);
INSERT INTO public.topicfollow (id, userid, topicid) VALUES (333, 4, 39);
INSERT INTO public.topicfollow (id, userid, topicid) VALUES (334, 7, 39);
INSERT INTO public.topicfollow (id, userid, topicid) VALUES (335, 8, 39);
INSERT INTO public.topicfollow (id, userid, topicid) VALUES (336, 10, 39);
INSERT INTO public.topicfollow (id, userid, topicid) VALUES (337, 16, 39);
INSERT INTO public.topicfollow (id, userid, topicid) VALUES (338, 18, 39);
INSERT INTO public.topicfollow (id, userid, topicid) VALUES (339, 3, 40);
INSERT INTO public.topicfollow (id, userid, topicid) VALUES (340, 5, 40);
INSERT INTO public.topicfollow (id, userid, topicid) VALUES (341, 6, 40);
INSERT INTO public.topicfollow (id, userid, topicid) VALUES (342, 12, 40);
INSERT INTO public.topicfollow (id, userid, topicid) VALUES (343, 14, 40);
INSERT INTO public.topicfollow (id, userid, topicid) VALUES (344, 18, 40);
INSERT INTO public.topicfollow (id, userid, topicid) VALUES (345, 19, 40);
INSERT INTO public.topicfollow (id, userid, topicid) VALUES (346, 1, 41);
INSERT INTO public.topicfollow (id, userid, topicid) VALUES (347, 3, 41);
INSERT INTO public.topicfollow (id, userid, topicid) VALUES (348, 9, 41);
INSERT INTO public.topicfollow (id, userid, topicid) VALUES (349, 11, 41);
INSERT INTO public.topicfollow (id, userid, topicid) VALUES (350, 14, 41);
INSERT INTO public.topicfollow (id, userid, topicid) VALUES (351, 16, 41);
INSERT INTO public.topicfollow (id, userid, topicid) VALUES (352, 3, 42);
INSERT INTO public.topicfollow (id, userid, topicid) VALUES (353, 4, 42);
INSERT INTO public.topicfollow (id, userid, topicid) VALUES (354, 5, 42);
INSERT INTO public.topicfollow (id, userid, topicid) VALUES (355, 7, 42);
INSERT INTO public.topicfollow (id, userid, topicid) VALUES (356, 8, 42);
INSERT INTO public.topicfollow (id, userid, topicid) VALUES (357, 9, 42);
INSERT INTO public.topicfollow (id, userid, topicid) VALUES (358, 11, 42);
INSERT INTO public.topicfollow (id, userid, topicid) VALUES (359, 12, 42);
INSERT INTO public.topicfollow (id, userid, topicid) VALUES (360, 13, 42);
INSERT INTO public.topicfollow (id, userid, topicid) VALUES (361, 1, 43);
INSERT INTO public.topicfollow (id, userid, topicid) VALUES (362, 4, 43);
INSERT INTO public.topicfollow (id, userid, topicid) VALUES (363, 5, 43);
INSERT INTO public.topicfollow (id, userid, topicid) VALUES (364, 6, 43);
INSERT INTO public.topicfollow (id, userid, topicid) VALUES (365, 7, 43);
INSERT INTO public.topicfollow (id, userid, topicid) VALUES (366, 9, 43);
INSERT INTO public.topicfollow (id, userid, topicid) VALUES (367, 10, 43);
INSERT INTO public.topicfollow (id, userid, topicid) VALUES (368, 12, 43);
INSERT INTO public.topicfollow (id, userid, topicid) VALUES (369, 2, 44);
INSERT INTO public.topicfollow (id, userid, topicid) VALUES (370, 4, 44);
INSERT INTO public.topicfollow (id, userid, topicid) VALUES (371, 7, 44);
INSERT INTO public.topicfollow (id, userid, topicid) VALUES (372, 13, 44);
INSERT INTO public.topicfollow (id, userid, topicid) VALUES (373, 15, 44);
INSERT INTO public.topicfollow (id, userid, topicid) VALUES (374, 16, 44);
INSERT INTO public.topicfollow (id, userid, topicid) VALUES (375, 17, 44);
INSERT INTO public.topicfollow (id, userid, topicid) VALUES (376, 19, 44);
INSERT INTO public.topicfollow (id, userid, topicid) VALUES (377, 20, 44);
INSERT INTO public.topicfollow (id, userid, topicid) VALUES (378, 21, 44);
INSERT INTO public.topicfollow (id, userid, topicid) VALUES (379, 2, 45);
INSERT INTO public.topicfollow (id, userid, topicid) VALUES (380, 3, 45);
INSERT INTO public.topicfollow (id, userid, topicid) VALUES (381, 4, 45);
INSERT INTO public.topicfollow (id, userid, topicid) VALUES (382, 13, 45);
INSERT INTO public.topicfollow (id, userid, topicid) VALUES (383, 16, 45);
INSERT INTO public.topicfollow (id, userid, topicid) VALUES (384, 20, 45);
INSERT INTO public.topicfollow (id, userid, topicid) VALUES (385, 4, 46);
INSERT INTO public.topicfollow (id, userid, topicid) VALUES (386, 5, 46);
INSERT INTO public.topicfollow (id, userid, topicid) VALUES (387, 9, 46);
INSERT INTO public.topicfollow (id, userid, topicid) VALUES (388, 12, 46);
INSERT INTO public.topicfollow (id, userid, topicid) VALUES (389, 14, 46);
INSERT INTO public.topicfollow (id, userid, topicid) VALUES (390, 17, 46);
INSERT INTO public.topicfollow (id, userid, topicid) VALUES (391, 18, 46);
INSERT INTO public.topicfollow (id, userid, topicid) VALUES (392, 1, 47);
INSERT INTO public.topicfollow (id, userid, topicid) VALUES (393, 3, 47);
INSERT INTO public.topicfollow (id, userid, topicid) VALUES (394, 5, 47);
INSERT INTO public.topicfollow (id, userid, topicid) VALUES (395, 6, 47);
INSERT INTO public.topicfollow (id, userid, topicid) VALUES (396, 7, 47);
INSERT INTO public.topicfollow (id, userid, topicid) VALUES (397, 12, 47);
INSERT INTO public.topicfollow (id, userid, topicid) VALUES (398, 13, 47);
INSERT INTO public.topicfollow (id, userid, topicid) VALUES (399, 15, 47);
INSERT INTO public.topicfollow (id, userid, topicid) VALUES (400, 16, 47);
INSERT INTO public.topicfollow (id, userid, topicid) VALUES (401, 20, 47);
INSERT INTO public.topicfollow (id, userid, topicid) VALUES (402, 21, 47);
INSERT INTO public.topicfollow (id, userid, topicid) VALUES (403, 2, 48);
INSERT INTO public.topicfollow (id, userid, topicid) VALUES (404, 4, 48);
INSERT INTO public.topicfollow (id, userid, topicid) VALUES (405, 5, 48);
INSERT INTO public.topicfollow (id, userid, topicid) VALUES (406, 7, 48);
INSERT INTO public.topicfollow (id, userid, topicid) VALUES (407, 10, 48);
INSERT INTO public.topicfollow (id, userid, topicid) VALUES (408, 14, 48);
INSERT INTO public.topicfollow (id, userid, topicid) VALUES (409, 16, 48);
INSERT INTO public.topicfollow (id, userid, topicid) VALUES (410, 20, 48);
INSERT INTO public.topicfollow (id, userid, topicid) VALUES (411, 1, 49);
INSERT INTO public.topicfollow (id, userid, topicid) VALUES (412, 2, 49);
INSERT INTO public.topicfollow (id, userid, topicid) VALUES (413, 3, 49);
INSERT INTO public.topicfollow (id, userid, topicid) VALUES (414, 8, 49);
INSERT INTO public.topicfollow (id, userid, topicid) VALUES (415, 11, 49);
INSERT INTO public.topicfollow (id, userid, topicid) VALUES (416, 13, 49);
INSERT INTO public.topicfollow (id, userid, topicid) VALUES (417, 16, 49);
INSERT INTO public.topicfollow (id, userid, topicid) VALUES (418, 1, 50);
INSERT INTO public.topicfollow (id, userid, topicid) VALUES (419, 2, 50);
INSERT INTO public.topicfollow (id, userid, topicid) VALUES (420, 8, 50);
INSERT INTO public.topicfollow (id, userid, topicid) VALUES (421, 9, 50);
INSERT INTO public.topicfollow (id, userid, topicid) VALUES (422, 10, 50);
INSERT INTO public.topicfollow (id, userid, topicid) VALUES (423, 12, 50);
INSERT INTO public.topicfollow (id, userid, topicid) VALUES (424, 14, 50);
INSERT INTO public.topicfollow (id, userid, topicid) VALUES (425, 16, 50);
INSERT INTO public.topicfollow (id, userid, topicid) VALUES (426, 19, 50);
INSERT INTO public.topicfollow (id, userid, topicid) VALUES (427, 1, 51);
INSERT INTO public.topicfollow (id, userid, topicid) VALUES (428, 2, 51);
INSERT INTO public.topicfollow (id, userid, topicid) VALUES (429, 5, 51);
INSERT INTO public.topicfollow (id, userid, topicid) VALUES (430, 8, 51);
INSERT INTO public.topicfollow (id, userid, topicid) VALUES (431, 9, 51);
INSERT INTO public.topicfollow (id, userid, topicid) VALUES (432, 10, 51);
INSERT INTO public.topicfollow (id, userid, topicid) VALUES (433, 11, 51);
INSERT INTO public.topicfollow (id, userid, topicid) VALUES (434, 13, 51);
INSERT INTO public.topicfollow (id, userid, topicid) VALUES (435, 14, 51);
INSERT INTO public.topicfollow (id, userid, topicid) VALUES (436, 18, 51);
INSERT INTO public.topicfollow (id, userid, topicid) VALUES (437, 20, 51);
INSERT INTO public.topicfollow (id, userid, topicid) VALUES (438, 1, 52);
INSERT INTO public.topicfollow (id, userid, topicid) VALUES (439, 2, 52);
INSERT INTO public.topicfollow (id, userid, topicid) VALUES (440, 6, 52);
INSERT INTO public.topicfollow (id, userid, topicid) VALUES (441, 7, 52);
INSERT INTO public.topicfollow (id, userid, topicid) VALUES (442, 11, 52);
INSERT INTO public.topicfollow (id, userid, topicid) VALUES (443, 12, 52);
INSERT INTO public.topicfollow (id, userid, topicid) VALUES (444, 14, 52);
INSERT INTO public.topicfollow (id, userid, topicid) VALUES (445, 21, 52);
INSERT INTO public.topicfollow (id, userid, topicid) VALUES (446, 1, 53);
INSERT INTO public.topicfollow (id, userid, topicid) VALUES (447, 3, 53);
INSERT INTO public.topicfollow (id, userid, topicid) VALUES (448, 4, 53);
INSERT INTO public.topicfollow (id, userid, topicid) VALUES (449, 6, 53);
INSERT INTO public.topicfollow (id, userid, topicid) VALUES (450, 9, 53);
INSERT INTO public.topicfollow (id, userid, topicid) VALUES (451, 10, 53);
INSERT INTO public.topicfollow (id, userid, topicid) VALUES (452, 12, 53);
INSERT INTO public.topicfollow (id, userid, topicid) VALUES (453, 14, 53);
INSERT INTO public.topicfollow (id, userid, topicid) VALUES (454, 18, 53);
INSERT INTO public.topicfollow (id, userid, topicid) VALUES (455, 19, 53);
INSERT INTO public.topicfollow (id, userid, topicid) VALUES (456, 21, 53);
INSERT INTO public.topicfollow (id, userid, topicid) VALUES (457, 5, 54);
INSERT INTO public.topicfollow (id, userid, topicid) VALUES (458, 9, 54);
INSERT INTO public.topicfollow (id, userid, topicid) VALUES (459, 11, 54);
INSERT INTO public.topicfollow (id, userid, topicid) VALUES (460, 12, 54);
INSERT INTO public.topicfollow (id, userid, topicid) VALUES (461, 13, 54);
INSERT INTO public.topicfollow (id, userid, topicid) VALUES (462, 14, 54);
INSERT INTO public.topicfollow (id, userid, topicid) VALUES (463, 16, 54);
INSERT INTO public.topicfollow (id, userid, topicid) VALUES (464, 19, 54);
INSERT INTO public.topicfollow (id, userid, topicid) VALUES (465, 20, 54);
INSERT INTO public.topicfollow (id, userid, topicid) VALUES (466, 21, 54);
INSERT INTO public.topicfollow (id, userid, topicid) VALUES (467, 1, 55);
INSERT INTO public.topicfollow (id, userid, topicid) VALUES (468, 3, 55);
INSERT INTO public.topicfollow (id, userid, topicid) VALUES (469, 7, 55);
INSERT INTO public.topicfollow (id, userid, topicid) VALUES (470, 8, 55);
INSERT INTO public.topicfollow (id, userid, topicid) VALUES (471, 9, 55);
INSERT INTO public.topicfollow (id, userid, topicid) VALUES (472, 13, 55);
INSERT INTO public.topicfollow (id, userid, topicid) VALUES (473, 18, 55);
INSERT INTO public.topicfollow (id, userid, topicid) VALUES (474, 19, 55);
INSERT INTO public.topicfollow (id, userid, topicid) VALUES (475, 20, 55);
INSERT INTO public.topicfollow (id, userid, topicid) VALUES (476, 21, 55);
INSERT INTO public.topicfollow (id, userid, topicid) VALUES (477, 2, 56);
INSERT INTO public.topicfollow (id, userid, topicid) VALUES (478, 4, 56);
INSERT INTO public.topicfollow (id, userid, topicid) VALUES (479, 5, 56);
INSERT INTO public.topicfollow (id, userid, topicid) VALUES (480, 6, 56);
INSERT INTO public.topicfollow (id, userid, topicid) VALUES (481, 7, 56);
INSERT INTO public.topicfollow (id, userid, topicid) VALUES (482, 10, 56);
INSERT INTO public.topicfollow (id, userid, topicid) VALUES (483, 12, 56);
INSERT INTO public.topicfollow (id, userid, topicid) VALUES (484, 15, 56);
INSERT INTO public.topicfollow (id, userid, topicid) VALUES (485, 21, 56);
INSERT INTO public.topicfollow (id, userid, topicid) VALUES (486, 6, 57);
INSERT INTO public.topicfollow (id, userid, topicid) VALUES (487, 9, 57);
INSERT INTO public.topicfollow (id, userid, topicid) VALUES (488, 10, 57);
INSERT INTO public.topicfollow (id, userid, topicid) VALUES (489, 11, 57);
INSERT INTO public.topicfollow (id, userid, topicid) VALUES (490, 14, 57);
INSERT INTO public.topicfollow (id, userid, topicid) VALUES (491, 15, 57);
INSERT INTO public.topicfollow (id, userid, topicid) VALUES (492, 19, 57);
INSERT INTO public.topicfollow (id, userid, topicid) VALUES (493, 1, 58);
INSERT INTO public.topicfollow (id, userid, topicid) VALUES (494, 4, 58);
INSERT INTO public.topicfollow (id, userid, topicid) VALUES (495, 5, 58);
INSERT INTO public.topicfollow (id, userid, topicid) VALUES (496, 6, 58);
INSERT INTO public.topicfollow (id, userid, topicid) VALUES (497, 10, 58);
INSERT INTO public.topicfollow (id, userid, topicid) VALUES (498, 11, 58);
INSERT INTO public.topicfollow (id, userid, topicid) VALUES (499, 15, 58);
INSERT INTO public.topicfollow (id, userid, topicid) VALUES (500, 17, 58);
INSERT INTO public.topicfollow (id, userid, topicid) VALUES (501, 2, 59);
INSERT INTO public.topicfollow (id, userid, topicid) VALUES (502, 5, 59);
INSERT INTO public.topicfollow (id, userid, topicid) VALUES (503, 6, 59);
INSERT INTO public.topicfollow (id, userid, topicid) VALUES (504, 8, 59);
INSERT INTO public.topicfollow (id, userid, topicid) VALUES (505, 10, 59);
INSERT INTO public.topicfollow (id, userid, topicid) VALUES (506, 11, 59);
INSERT INTO public.topicfollow (id, userid, topicid) VALUES (507, 12, 59);
INSERT INTO public.topicfollow (id, userid, topicid) VALUES (508, 13, 59);
INSERT INTO public.topicfollow (id, userid, topicid) VALUES (509, 15, 59);
INSERT INTO public.topicfollow (id, userid, topicid) VALUES (510, 4, 60);
INSERT INTO public.topicfollow (id, userid, topicid) VALUES (511, 7, 60);
INSERT INTO public.topicfollow (id, userid, topicid) VALUES (512, 8, 60);
INSERT INTO public.topicfollow (id, userid, topicid) VALUES (513, 9, 60);
INSERT INTO public.topicfollow (id, userid, topicid) VALUES (514, 14, 60);
INSERT INTO public.topicfollow (id, userid, topicid) VALUES (515, 15, 60);
INSERT INTO public.topicfollow (id, userid, topicid) VALUES (516, 18, 60);
INSERT INTO public.topicfollow (id, userid, topicid) VALUES (517, 1, 61);
INSERT INTO public.topicfollow (id, userid, topicid) VALUES (518, 4, 61);
INSERT INTO public.topicfollow (id, userid, topicid) VALUES (519, 7, 61);
INSERT INTO public.topicfollow (id, userid, topicid) VALUES (520, 10, 61);
INSERT INTO public.topicfollow (id, userid, topicid) VALUES (521, 15, 61);
INSERT INTO public.topicfollow (id, userid, topicid) VALUES (522, 16, 61);
INSERT INTO public.topicfollow (id, userid, topicid) VALUES (523, 19, 61);
INSERT INTO public.topicfollow (id, userid, topicid) VALUES (524, 21, 61);
INSERT INTO public.topicfollow (id, userid, topicid) VALUES (525, 1, 62);
INSERT INTO public.topicfollow (id, userid, topicid) VALUES (526, 3, 62);
INSERT INTO public.topicfollow (id, userid, topicid) VALUES (527, 4, 62);
INSERT INTO public.topicfollow (id, userid, topicid) VALUES (528, 6, 62);
INSERT INTO public.topicfollow (id, userid, topicid) VALUES (529, 7, 62);
INSERT INTO public.topicfollow (id, userid, topicid) VALUES (530, 9, 62);
INSERT INTO public.topicfollow (id, userid, topicid) VALUES (531, 10, 62);
INSERT INTO public.topicfollow (id, userid, topicid) VALUES (532, 11, 62);
INSERT INTO public.topicfollow (id, userid, topicid) VALUES (533, 14, 62);
INSERT INTO public.topicfollow (id, userid, topicid) VALUES (534, 15, 62);
INSERT INTO public.topicfollow (id, userid, topicid) VALUES (535, 17, 62);
INSERT INTO public.topicfollow (id, userid, topicid) VALUES (536, 19, 62);
INSERT INTO public.topicfollow (id, userid, topicid) VALUES (537, 20, 62);
INSERT INTO public.topicfollow (id, userid, topicid) VALUES (538, 5, 63);
INSERT INTO public.topicfollow (id, userid, topicid) VALUES (539, 6, 63);
INSERT INTO public.topicfollow (id, userid, topicid) VALUES (540, 10, 63);
INSERT INTO public.topicfollow (id, userid, topicid) VALUES (541, 21, 63);
INSERT INTO public.topicfollow (id, userid, topicid) VALUES (542, 1, 64);
INSERT INTO public.topicfollow (id, userid, topicid) VALUES (543, 2, 64);
INSERT INTO public.topicfollow (id, userid, topicid) VALUES (544, 5, 64);
INSERT INTO public.topicfollow (id, userid, topicid) VALUES (545, 7, 64);
INSERT INTO public.topicfollow (id, userid, topicid) VALUES (546, 8, 64);
INSERT INTO public.topicfollow (id, userid, topicid) VALUES (547, 9, 64);
INSERT INTO public.topicfollow (id, userid, topicid) VALUES (548, 10, 64);
INSERT INTO public.topicfollow (id, userid, topicid) VALUES (549, 15, 64);
INSERT INTO public.topicfollow (id, userid, topicid) VALUES (550, 16, 64);
INSERT INTO public.topicfollow (id, userid, topicid) VALUES (551, 19, 64);
INSERT INTO public.topicfollow (id, userid, topicid) VALUES (552, 21, 64);
INSERT INTO public.topicfollow (id, userid, topicid) VALUES (553, 5, 65);
INSERT INTO public.topicfollow (id, userid, topicid) VALUES (554, 6, 65);
INSERT INTO public.topicfollow (id, userid, topicid) VALUES (555, 7, 65);
INSERT INTO public.topicfollow (id, userid, topicid) VALUES (556, 8, 65);
INSERT INTO public.topicfollow (id, userid, topicid) VALUES (557, 9, 65);
INSERT INTO public.topicfollow (id, userid, topicid) VALUES (558, 11, 65);
INSERT INTO public.topicfollow (id, userid, topicid) VALUES (559, 13, 65);
INSERT INTO public.topicfollow (id, userid, topicid) VALUES (560, 18, 65);
INSERT INTO public.topicfollow (id, userid, topicid) VALUES (561, 2, 66);
INSERT INTO public.topicfollow (id, userid, topicid) VALUES (562, 3, 66);
INSERT INTO public.topicfollow (id, userid, topicid) VALUES (563, 5, 66);
INSERT INTO public.topicfollow (id, userid, topicid) VALUES (564, 6, 66);
INSERT INTO public.topicfollow (id, userid, topicid) VALUES (565, 7, 66);
INSERT INTO public.topicfollow (id, userid, topicid) VALUES (566, 8, 66);
INSERT INTO public.topicfollow (id, userid, topicid) VALUES (567, 10, 66);
INSERT INTO public.topicfollow (id, userid, topicid) VALUES (568, 11, 66);
INSERT INTO public.topicfollow (id, userid, topicid) VALUES (569, 12, 66);
INSERT INTO public.topicfollow (id, userid, topicid) VALUES (570, 14, 66);
INSERT INTO public.topicfollow (id, userid, topicid) VALUES (571, 19, 66);
INSERT INTO public.topicfollow (id, userid, topicid) VALUES (572, 2, 67);
INSERT INTO public.topicfollow (id, userid, topicid) VALUES (573, 6, 67);
INSERT INTO public.topicfollow (id, userid, topicid) VALUES (574, 10, 67);
INSERT INTO public.topicfollow (id, userid, topicid) VALUES (575, 14, 67);
INSERT INTO public.topicfollow (id, userid, topicid) VALUES (576, 16, 67);
INSERT INTO public.topicfollow (id, userid, topicid) VALUES (577, 1, 68);
INSERT INTO public.topicfollow (id, userid, topicid) VALUES (578, 2, 68);
INSERT INTO public.topicfollow (id, userid, topicid) VALUES (579, 5, 68);
INSERT INTO public.topicfollow (id, userid, topicid) VALUES (580, 6, 68);
INSERT INTO public.topicfollow (id, userid, topicid) VALUES (581, 9, 68);
INSERT INTO public.topicfollow (id, userid, topicid) VALUES (582, 14, 68);
INSERT INTO public.topicfollow (id, userid, topicid) VALUES (583, 18, 68);
INSERT INTO public.topicfollow (id, userid, topicid) VALUES (584, 20, 68);
INSERT INTO public.topicfollow (id, userid, topicid) VALUES (585, 1, 69);
INSERT INTO public.topicfollow (id, userid, topicid) VALUES (586, 3, 69);
INSERT INTO public.topicfollow (id, userid, topicid) VALUES (587, 5, 69);
INSERT INTO public.topicfollow (id, userid, topicid) VALUES (588, 11, 69);
INSERT INTO public.topicfollow (id, userid, topicid) VALUES (589, 12, 69);
INSERT INTO public.topicfollow (id, userid, topicid) VALUES (590, 13, 69);
INSERT INTO public.topicfollow (id, userid, topicid) VALUES (591, 16, 69);
INSERT INTO public.topicfollow (id, userid, topicid) VALUES (592, 1, 70);
INSERT INTO public.topicfollow (id, userid, topicid) VALUES (593, 4, 70);
INSERT INTO public.topicfollow (id, userid, topicid) VALUES (594, 6, 70);
INSERT INTO public.topicfollow (id, userid, topicid) VALUES (595, 7, 70);
INSERT INTO public.topicfollow (id, userid, topicid) VALUES (596, 8, 70);
INSERT INTO public.topicfollow (id, userid, topicid) VALUES (597, 10, 70);
INSERT INTO public.topicfollow (id, userid, topicid) VALUES (598, 12, 70);
INSERT INTO public.topicfollow (id, userid, topicid) VALUES (599, 13, 70);
INSERT INTO public.topicfollow (id, userid, topicid) VALUES (600, 15, 70);
INSERT INTO public.topicfollow (id, userid, topicid) VALUES (601, 21, 70);
INSERT INTO public.topicfollow (id, userid, topicid) VALUES (602, 1, 71);
INSERT INTO public.topicfollow (id, userid, topicid) VALUES (603, 2, 71);
INSERT INTO public.topicfollow (id, userid, topicid) VALUES (604, 5, 71);
INSERT INTO public.topicfollow (id, userid, topicid) VALUES (605, 6, 71);
INSERT INTO public.topicfollow (id, userid, topicid) VALUES (606, 9, 71);
INSERT INTO public.topicfollow (id, userid, topicid) VALUES (607, 10, 71);
INSERT INTO public.topicfollow (id, userid, topicid) VALUES (608, 11, 71);
INSERT INTO public.topicfollow (id, userid, topicid) VALUES (609, 15, 71);
INSERT INTO public.topicfollow (id, userid, topicid) VALUES (610, 17, 71);
INSERT INTO public.topicfollow (id, userid, topicid) VALUES (611, 19, 71);
INSERT INTO public.topicfollow (id, userid, topicid) VALUES (612, 3, 72);
INSERT INTO public.topicfollow (id, userid, topicid) VALUES (613, 4, 72);
INSERT INTO public.topicfollow (id, userid, topicid) VALUES (614, 7, 72);
INSERT INTO public.topicfollow (id, userid, topicid) VALUES (615, 8, 72);
INSERT INTO public.topicfollow (id, userid, topicid) VALUES (616, 9, 72);
INSERT INTO public.topicfollow (id, userid, topicid) VALUES (617, 10, 72);
INSERT INTO public.topicfollow (id, userid, topicid) VALUES (618, 11, 72);
INSERT INTO public.topicfollow (id, userid, topicid) VALUES (619, 13, 72);
INSERT INTO public.topicfollow (id, userid, topicid) VALUES (620, 18, 72);
INSERT INTO public.topicfollow (id, userid, topicid) VALUES (621, 20, 72);
INSERT INTO public.topicfollow (id, userid, topicid) VALUES (622, 2, 73);
INSERT INTO public.topicfollow (id, userid, topicid) VALUES (623, 3, 73);
INSERT INTO public.topicfollow (id, userid, topicid) VALUES (624, 4, 73);
INSERT INTO public.topicfollow (id, userid, topicid) VALUES (625, 5, 73);
INSERT INTO public.topicfollow (id, userid, topicid) VALUES (626, 7, 73);
INSERT INTO public.topicfollow (id, userid, topicid) VALUES (627, 10, 73);
INSERT INTO public.topicfollow (id, userid, topicid) VALUES (628, 12, 73);
INSERT INTO public.topicfollow (id, userid, topicid) VALUES (629, 15, 73);
INSERT INTO public.topicfollow (id, userid, topicid) VALUES (630, 16, 73);
INSERT INTO public.topicfollow (id, userid, topicid) VALUES (631, 2, 74);
INSERT INTO public.topicfollow (id, userid, topicid) VALUES (632, 3, 74);
INSERT INTO public.topicfollow (id, userid, topicid) VALUES (633, 8, 74);
INSERT INTO public.topicfollow (id, userid, topicid) VALUES (634, 16, 74);
INSERT INTO public.topicfollow (id, userid, topicid) VALUES (635, 17, 74);
INSERT INTO public.topicfollow (id, userid, topicid) VALUES (636, 19, 74);
INSERT INTO public.topicfollow (id, userid, topicid) VALUES (637, 4, 75);
INSERT INTO public.topicfollow (id, userid, topicid) VALUES (638, 5, 75);
INSERT INTO public.topicfollow (id, userid, topicid) VALUES (639, 8, 75);
INSERT INTO public.topicfollow (id, userid, topicid) VALUES (640, 10, 75);
INSERT INTO public.topicfollow (id, userid, topicid) VALUES (641, 11, 75);
INSERT INTO public.topicfollow (id, userid, topicid) VALUES (642, 15, 75);
INSERT INTO public.topicfollow (id, userid, topicid) VALUES (643, 17, 75);
INSERT INTO public.topicfollow (id, userid, topicid) VALUES (644, 21, 75);
INSERT INTO public.topicfollow (id, userid, topicid) VALUES (645, 3, 76);
INSERT INTO public.topicfollow (id, userid, topicid) VALUES (646, 7, 76);
INSERT INTO public.topicfollow (id, userid, topicid) VALUES (647, 11, 76);
INSERT INTO public.topicfollow (id, userid, topicid) VALUES (648, 12, 76);
INSERT INTO public.topicfollow (id, userid, topicid) VALUES (649, 15, 76);
INSERT INTO public.topicfollow (id, userid, topicid) VALUES (650, 16, 76);
INSERT INTO public.topicfollow (id, userid, topicid) VALUES (651, 17, 76);
INSERT INTO public.topicfollow (id, userid, topicid) VALUES (652, 19, 76);
INSERT INTO public.topicfollow (id, userid, topicid) VALUES (653, 20, 76);
INSERT INTO public.topicfollow (id, userid, topicid) VALUES (654, 21, 76);
INSERT INTO public.topicfollow (id, userid, topicid) VALUES (655, 2, 77);
INSERT INTO public.topicfollow (id, userid, topicid) VALUES (656, 4, 77);
INSERT INTO public.topicfollow (id, userid, topicid) VALUES (657, 5, 77);
INSERT INTO public.topicfollow (id, userid, topicid) VALUES (658, 8, 77);
INSERT INTO public.topicfollow (id, userid, topicid) VALUES (659, 10, 77);
INSERT INTO public.topicfollow (id, userid, topicid) VALUES (660, 12, 77);
INSERT INTO public.topicfollow (id, userid, topicid) VALUES (661, 14, 77);
INSERT INTO public.topicfollow (id, userid, topicid) VALUES (662, 15, 77);
INSERT INTO public.topicfollow (id, userid, topicid) VALUES (663, 16, 77);
INSERT INTO public.topicfollow (id, userid, topicid) VALUES (664, 21, 77);
INSERT INTO public.topicfollow (id, userid, topicid) VALUES (665, 1, 78);
INSERT INTO public.topicfollow (id, userid, topicid) VALUES (666, 3, 78);
INSERT INTO public.topicfollow (id, userid, topicid) VALUES (667, 4, 78);
INSERT INTO public.topicfollow (id, userid, topicid) VALUES (668, 7, 78);
INSERT INTO public.topicfollow (id, userid, topicid) VALUES (669, 8, 78);
INSERT INTO public.topicfollow (id, userid, topicid) VALUES (670, 9, 78);
INSERT INTO public.topicfollow (id, userid, topicid) VALUES (671, 17, 78);
INSERT INTO public.topicfollow (id, userid, topicid) VALUES (672, 19, 78);
INSERT INTO public.topicfollow (id, userid, topicid) VALUES (673, 21, 78);
INSERT INTO public.topicfollow (id, userid, topicid) VALUES (674, 1, 79);
INSERT INTO public.topicfollow (id, userid, topicid) VALUES (675, 2, 79);
INSERT INTO public.topicfollow (id, userid, topicid) VALUES (676, 7, 79);
INSERT INTO public.topicfollow (id, userid, topicid) VALUES (677, 10, 79);
INSERT INTO public.topicfollow (id, userid, topicid) VALUES (678, 12, 79);
INSERT INTO public.topicfollow (id, userid, topicid) VALUES (679, 16, 79);
INSERT INTO public.topicfollow (id, userid, topicid) VALUES (680, 3, 80);
INSERT INTO public.topicfollow (id, userid, topicid) VALUES (681, 4, 80);
INSERT INTO public.topicfollow (id, userid, topicid) VALUES (682, 5, 80);
INSERT INTO public.topicfollow (id, userid, topicid) VALUES (683, 9, 80);
INSERT INTO public.topicfollow (id, userid, topicid) VALUES (684, 11, 80);
INSERT INTO public.topicfollow (id, userid, topicid) VALUES (685, 13, 80);
INSERT INTO public.topicfollow (id, userid, topicid) VALUES (686, 14, 80);
INSERT INTO public.topicfollow (id, userid, topicid) VALUES (687, 21, 80);
INSERT INTO public.topicfollow (id, userid, topicid) VALUES (688, 2, 81);
INSERT INTO public.topicfollow (id, userid, topicid) VALUES (689, 7, 81);
INSERT INTO public.topicfollow (id, userid, topicid) VALUES (690, 9, 81);
INSERT INTO public.topicfollow (id, userid, topicid) VALUES (691, 14, 81);
INSERT INTO public.topicfollow (id, userid, topicid) VALUES (692, 15, 81);
INSERT INTO public.topicfollow (id, userid, topicid) VALUES (693, 16, 81);
INSERT INTO public.topicfollow (id, userid, topicid) VALUES (694, 18, 81);
INSERT INTO public.topicfollow (id, userid, topicid) VALUES (695, 19, 81);
INSERT INTO public.topicfollow (id, userid, topicid) VALUES (696, 20, 81);
INSERT INTO public.topicfollow (id, userid, topicid) VALUES (697, 21, 81);
INSERT INTO public.topicfollow (id, userid, topicid) VALUES (698, 3, 82);
INSERT INTO public.topicfollow (id, userid, topicid) VALUES (699, 13, 82);
INSERT INTO public.topicfollow (id, userid, topicid) VALUES (700, 14, 82);
INSERT INTO public.topicfollow (id, userid, topicid) VALUES (701, 16, 82);
INSERT INTO public.topicfollow (id, userid, topicid) VALUES (702, 17, 82);
INSERT INTO public.topicfollow (id, userid, topicid) VALUES (703, 20, 82);
INSERT INTO public.topicfollow (id, userid, topicid) VALUES (704, 4, 83);
INSERT INTO public.topicfollow (id, userid, topicid) VALUES (705, 5, 83);
INSERT INTO public.topicfollow (id, userid, topicid) VALUES (706, 6, 83);
INSERT INTO public.topicfollow (id, userid, topicid) VALUES (707, 7, 83);
INSERT INTO public.topicfollow (id, userid, topicid) VALUES (708, 11, 83);
INSERT INTO public.topicfollow (id, userid, topicid) VALUES (709, 12, 83);
INSERT INTO public.topicfollow (id, userid, topicid) VALUES (710, 13, 83);
INSERT INTO public.topicfollow (id, userid, topicid) VALUES (711, 15, 83);
INSERT INTO public.topicfollow (id, userid, topicid) VALUES (712, 16, 83);
INSERT INTO public.topicfollow (id, userid, topicid) VALUES (713, 18, 83);
INSERT INTO public.topicfollow (id, userid, topicid) VALUES (714, 1, 84);
INSERT INTO public.topicfollow (id, userid, topicid) VALUES (715, 5, 84);
INSERT INTO public.topicfollow (id, userid, topicid) VALUES (716, 9, 84);
INSERT INTO public.topicfollow (id, userid, topicid) VALUES (717, 11, 84);
INSERT INTO public.topicfollow (id, userid, topicid) VALUES (718, 16, 84);
INSERT INTO public.topicfollow (id, userid, topicid) VALUES (719, 18, 84);
INSERT INTO public.topicfollow (id, userid, topicid) VALUES (720, 19, 84);
INSERT INTO public.topicfollow (id, userid, topicid) VALUES (721, 20, 84);
INSERT INTO public.topicfollow (id, userid, topicid) VALUES (722, 21, 84);
INSERT INTO public.topicfollow (id, userid, topicid) VALUES (723, 1, 85);
INSERT INTO public.topicfollow (id, userid, topicid) VALUES (724, 2, 85);
INSERT INTO public.topicfollow (id, userid, topicid) VALUES (725, 5, 85);
INSERT INTO public.topicfollow (id, userid, topicid) VALUES (726, 8, 85);
INSERT INTO public.topicfollow (id, userid, topicid) VALUES (727, 10, 85);
INSERT INTO public.topicfollow (id, userid, topicid) VALUES (728, 14, 85);
INSERT INTO public.topicfollow (id, userid, topicid) VALUES (729, 15, 85);
INSERT INTO public.topicfollow (id, userid, topicid) VALUES (730, 18, 85);
INSERT INTO public.topicfollow (id, userid, topicid) VALUES (731, 20, 85);
INSERT INTO public.topicfollow (id, userid, topicid) VALUES (732, 1, 86);
INSERT INTO public.topicfollow (id, userid, topicid) VALUES (733, 2, 86);
INSERT INTO public.topicfollow (id, userid, topicid) VALUES (734, 3, 86);
INSERT INTO public.topicfollow (id, userid, topicid) VALUES (735, 7, 86);
INSERT INTO public.topicfollow (id, userid, topicid) VALUES (736, 10, 86);
INSERT INTO public.topicfollow (id, userid, topicid) VALUES (737, 12, 86);
INSERT INTO public.topicfollow (id, userid, topicid) VALUES (738, 13, 86);
INSERT INTO public.topicfollow (id, userid, topicid) VALUES (739, 14, 86);
INSERT INTO public.topicfollow (id, userid, topicid) VALUES (740, 15, 86);
INSERT INTO public.topicfollow (id, userid, topicid) VALUES (741, 16, 86);
INSERT INTO public.topicfollow (id, userid, topicid) VALUES (742, 17, 86);
INSERT INTO public.topicfollow (id, userid, topicid) VALUES (743, 21, 86);
INSERT INTO public.topicfollow (id, userid, topicid) VALUES (744, 1, 87);
INSERT INTO public.topicfollow (id, userid, topicid) VALUES (745, 2, 87);
INSERT INTO public.topicfollow (id, userid, topicid) VALUES (746, 5, 87);
INSERT INTO public.topicfollow (id, userid, topicid) VALUES (747, 6, 87);
INSERT INTO public.topicfollow (id, userid, topicid) VALUES (748, 7, 87);
INSERT INTO public.topicfollow (id, userid, topicid) VALUES (749, 8, 87);
INSERT INTO public.topicfollow (id, userid, topicid) VALUES (750, 11, 87);
INSERT INTO public.topicfollow (id, userid, topicid) VALUES (751, 12, 87);
INSERT INTO public.topicfollow (id, userid, topicid) VALUES (752, 13, 87);
INSERT INTO public.topicfollow (id, userid, topicid) VALUES (753, 14, 87);
INSERT INTO public.topicfollow (id, userid, topicid) VALUES (754, 21, 87);
INSERT INTO public.topicfollow (id, userid, topicid) VALUES (755, 1, 88);
INSERT INTO public.topicfollow (id, userid, topicid) VALUES (756, 2, 88);
INSERT INTO public.topicfollow (id, userid, topicid) VALUES (757, 5, 88);
INSERT INTO public.topicfollow (id, userid, topicid) VALUES (758, 13, 88);
INSERT INTO public.topicfollow (id, userid, topicid) VALUES (759, 14, 88);
INSERT INTO public.topicfollow (id, userid, topicid) VALUES (760, 15, 88);
INSERT INTO public.topicfollow (id, userid, topicid) VALUES (761, 18, 88);
INSERT INTO public.topicfollow (id, userid, topicid) VALUES (762, 19, 88);
INSERT INTO public.topicfollow (id, userid, topicid) VALUES (763, 20, 88);
INSERT INTO public.topicfollow (id, userid, topicid) VALUES (764, 3, 89);
INSERT INTO public.topicfollow (id, userid, topicid) VALUES (765, 4, 89);
INSERT INTO public.topicfollow (id, userid, topicid) VALUES (766, 7, 89);
INSERT INTO public.topicfollow (id, userid, topicid) VALUES (767, 8, 89);
INSERT INTO public.topicfollow (id, userid, topicid) VALUES (768, 9, 89);
INSERT INTO public.topicfollow (id, userid, topicid) VALUES (769, 12, 89);
INSERT INTO public.topicfollow (id, userid, topicid) VALUES (770, 15, 89);
INSERT INTO public.topicfollow (id, userid, topicid) VALUES (771, 18, 89);
INSERT INTO public.topicfollow (id, userid, topicid) VALUES (772, 2, 90);
INSERT INTO public.topicfollow (id, userid, topicid) VALUES (773, 12, 90);
INSERT INTO public.topicfollow (id, userid, topicid) VALUES (774, 14, 90);
INSERT INTO public.topicfollow (id, userid, topicid) VALUES (775, 16, 90);
INSERT INTO public.topicfollow (id, userid, topicid) VALUES (776, 18, 90);
INSERT INTO public.topicfollow (id, userid, topicid) VALUES (777, 20, 90);
INSERT INTO public.topicfollow (id, userid, topicid) VALUES (778, 3, 91);
INSERT INTO public.topicfollow (id, userid, topicid) VALUES (779, 7, 91);
INSERT INTO public.topicfollow (id, userid, topicid) VALUES (780, 8, 91);
INSERT INTO public.topicfollow (id, userid, topicid) VALUES (781, 9, 91);
INSERT INTO public.topicfollow (id, userid, topicid) VALUES (782, 12, 91);
INSERT INTO public.topicfollow (id, userid, topicid) VALUES (783, 13, 91);
INSERT INTO public.topicfollow (id, userid, topicid) VALUES (784, 14, 91);
INSERT INTO public.topicfollow (id, userid, topicid) VALUES (785, 15, 91);
INSERT INTO public.topicfollow (id, userid, topicid) VALUES (786, 16, 91);
INSERT INTO public.topicfollow (id, userid, topicid) VALUES (787, 18, 91);
INSERT INTO public.topicfollow (id, userid, topicid) VALUES (788, 3, 92);
INSERT INTO public.topicfollow (id, userid, topicid) VALUES (789, 5, 92);
INSERT INTO public.topicfollow (id, userid, topicid) VALUES (790, 6, 92);
INSERT INTO public.topicfollow (id, userid, topicid) VALUES (791, 11, 92);
INSERT INTO public.topicfollow (id, userid, topicid) VALUES (792, 12, 92);
INSERT INTO public.topicfollow (id, userid, topicid) VALUES (793, 14, 92);
INSERT INTO public.topicfollow (id, userid, topicid) VALUES (794, 15, 92);
INSERT INTO public.topicfollow (id, userid, topicid) VALUES (795, 16, 92);
INSERT INTO public.topicfollow (id, userid, topicid) VALUES (796, 17, 92);
INSERT INTO public.topicfollow (id, userid, topicid) VALUES (797, 20, 92);
INSERT INTO public.topicfollow (id, userid, topicid) VALUES (798, 4, 93);
INSERT INTO public.topicfollow (id, userid, topicid) VALUES (799, 7, 93);
INSERT INTO public.topicfollow (id, userid, topicid) VALUES (800, 11, 93);
INSERT INTO public.topicfollow (id, userid, topicid) VALUES (801, 13, 93);
INSERT INTO public.topicfollow (id, userid, topicid) VALUES (802, 14, 93);
INSERT INTO public.topicfollow (id, userid, topicid) VALUES (803, 4, 94);
INSERT INTO public.topicfollow (id, userid, topicid) VALUES (804, 8, 94);
INSERT INTO public.topicfollow (id, userid, topicid) VALUES (805, 9, 94);
INSERT INTO public.topicfollow (id, userid, topicid) VALUES (806, 10, 94);
INSERT INTO public.topicfollow (id, userid, topicid) VALUES (807, 15, 94);
INSERT INTO public.topicfollow (id, userid, topicid) VALUES (808, 16, 94);
INSERT INTO public.topicfollow (id, userid, topicid) VALUES (809, 19, 94);
INSERT INTO public.topicfollow (id, userid, topicid) VALUES (810, 1, 95);
INSERT INTO public.topicfollow (id, userid, topicid) VALUES (811, 4, 95);
INSERT INTO public.topicfollow (id, userid, topicid) VALUES (812, 12, 95);
INSERT INTO public.topicfollow (id, userid, topicid) VALUES (813, 19, 95);
INSERT INTO public.topicfollow (id, userid, topicid) VALUES (814, 20, 95);
INSERT INTO public.topicfollow (id, userid, topicid) VALUES (815, 4, 96);
INSERT INTO public.topicfollow (id, userid, topicid) VALUES (816, 6, 96);
INSERT INTO public.topicfollow (id, userid, topicid) VALUES (817, 8, 96);
INSERT INTO public.topicfollow (id, userid, topicid) VALUES (818, 9, 96);
INSERT INTO public.topicfollow (id, userid, topicid) VALUES (819, 11, 96);
INSERT INTO public.topicfollow (id, userid, topicid) VALUES (820, 13, 96);
INSERT INTO public.topicfollow (id, userid, topicid) VALUES (821, 15, 96);
INSERT INTO public.topicfollow (id, userid, topicid) VALUES (822, 19, 96);
INSERT INTO public.topicfollow (id, userid, topicid) VALUES (823, 21, 96);
INSERT INTO public.topicfollow (id, userid, topicid) VALUES (824, 9, 97);
INSERT INTO public.topicfollow (id, userid, topicid) VALUES (825, 13, 97);
INSERT INTO public.topicfollow (id, userid, topicid) VALUES (826, 14, 97);
INSERT INTO public.topicfollow (id, userid, topicid) VALUES (827, 17, 97);
INSERT INTO public.topicfollow (id, userid, topicid) VALUES (828, 18, 97);
INSERT INTO public.topicfollow (id, userid, topicid) VALUES (829, 19, 97);
INSERT INTO public.topicfollow (id, userid, topicid) VALUES (830, 2, 98);
INSERT INTO public.topicfollow (id, userid, topicid) VALUES (831, 3, 98);
INSERT INTO public.topicfollow (id, userid, topicid) VALUES (832, 5, 98);
INSERT INTO public.topicfollow (id, userid, topicid) VALUES (833, 7, 98);
INSERT INTO public.topicfollow (id, userid, topicid) VALUES (834, 10, 98);
INSERT INTO public.topicfollow (id, userid, topicid) VALUES (835, 15, 98);
INSERT INTO public.topicfollow (id, userid, topicid) VALUES (836, 17, 98);
INSERT INTO public.topicfollow (id, userid, topicid) VALUES (837, 20, 98);
INSERT INTO public.topicfollow (id, userid, topicid) VALUES (838, 1, 99);
INSERT INTO public.topicfollow (id, userid, topicid) VALUES (839, 3, 99);
INSERT INTO public.topicfollow (id, userid, topicid) VALUES (840, 4, 99);
INSERT INTO public.topicfollow (id, userid, topicid) VALUES (841, 5, 99);
INSERT INTO public.topicfollow (id, userid, topicid) VALUES (842, 9, 99);
INSERT INTO public.topicfollow (id, userid, topicid) VALUES (843, 11, 99);
INSERT INTO public.topicfollow (id, userid, topicid) VALUES (844, 12, 99);
INSERT INTO public.topicfollow (id, userid, topicid) VALUES (845, 17, 99);
INSERT INTO public.topicfollow (id, userid, topicid) VALUES (846, 20, 99);
INSERT INTO public.topicfollow (id, userid, topicid) VALUES (847, 2, 100);
INSERT INTO public.topicfollow (id, userid, topicid) VALUES (848, 3, 100);
INSERT INTO public.topicfollow (id, userid, topicid) VALUES (849, 4, 100);
INSERT INTO public.topicfollow (id, userid, topicid) VALUES (850, 6, 100);
INSERT INTO public.topicfollow (id, userid, topicid) VALUES (851, 8, 100);
INSERT INTO public.topicfollow (id, userid, topicid) VALUES (852, 13, 100);
INSERT INTO public.topicfollow (id, userid, topicid) VALUES (853, 16, 100);
INSERT INTO public.topicfollow (id, userid, topicid) VALUES (854, 18, 100);
INSERT INTO public.topicfollow (id, userid, topicid) VALUES (855, 21, 100);
INSERT INTO public.topicfollow (id, userid, topicid) VALUES (856, 1, 101);
INSERT INTO public.topicfollow (id, userid, topicid) VALUES (857, 2, 101);
INSERT INTO public.topicfollow (id, userid, topicid) VALUES (858, 6, 101);
INSERT INTO public.topicfollow (id, userid, topicid) VALUES (859, 7, 101);
INSERT INTO public.topicfollow (id, userid, topicid) VALUES (860, 9, 101);
INSERT INTO public.topicfollow (id, userid, topicid) VALUES (861, 14, 101);
INSERT INTO public.topicfollow (id, userid, topicid) VALUES (862, 15, 101);
INSERT INTO public.topicfollow (id, userid, topicid) VALUES (863, 16, 101);
INSERT INTO public.topicfollow (id, userid, topicid) VALUES (864, 17, 101);
INSERT INTO public.topicfollow (id, userid, topicid) VALUES (865, 18, 101);
INSERT INTO public.topicfollow (id, userid, topicid) VALUES (866, 21, 101);
INSERT INTO public.topicfollow (id, userid, topicid) VALUES (867, 1, 102);
INSERT INTO public.topicfollow (id, userid, topicid) VALUES (868, 2, 102);
INSERT INTO public.topicfollow (id, userid, topicid) VALUES (869, 8, 102);
INSERT INTO public.topicfollow (id, userid, topicid) VALUES (870, 9, 102);
INSERT INTO public.topicfollow (id, userid, topicid) VALUES (871, 11, 102);
INSERT INTO public.topicfollow (id, userid, topicid) VALUES (872, 13, 102);
INSERT INTO public.topicfollow (id, userid, topicid) VALUES (873, 17, 102);
INSERT INTO public.topicfollow (id, userid, topicid) VALUES (874, 18, 102);
INSERT INTO public.topicfollow (id, userid, topicid) VALUES (875, 19, 102);
INSERT INTO public.topicfollow (id, userid, topicid) VALUES (876, 20, 102);
INSERT INTO public.topicfollow (id, userid, topicid) VALUES (877, 1, 103);
INSERT INTO public.topicfollow (id, userid, topicid) VALUES (878, 4, 103);
INSERT INTO public.topicfollow (id, userid, topicid) VALUES (879, 5, 103);
INSERT INTO public.topicfollow (id, userid, topicid) VALUES (880, 6, 103);
INSERT INTO public.topicfollow (id, userid, topicid) VALUES (881, 9, 103);
INSERT INTO public.topicfollow (id, userid, topicid) VALUES (882, 11, 103);
INSERT INTO public.topicfollow (id, userid, topicid) VALUES (883, 12, 103);
INSERT INTO public.topicfollow (id, userid, topicid) VALUES (884, 16, 103);
INSERT INTO public.topicfollow (id, userid, topicid) VALUES (885, 18, 103);
INSERT INTO public.topicfollow (id, userid, topicid) VALUES (886, 19, 103);
INSERT INTO public.topicfollow (id, userid, topicid) VALUES (887, 21, 103);
INSERT INTO public.topicfollow (id, userid, topicid) VALUES (888, 1, 104);
INSERT INTO public.topicfollow (id, userid, topicid) VALUES (889, 3, 104);
INSERT INTO public.topicfollow (id, userid, topicid) VALUES (890, 6, 104);
INSERT INTO public.topicfollow (id, userid, topicid) VALUES (891, 10, 104);
INSERT INTO public.topicfollow (id, userid, topicid) VALUES (892, 13, 104);
INSERT INTO public.topicfollow (id, userid, topicid) VALUES (893, 16, 104);
INSERT INTO public.topicfollow (id, userid, topicid) VALUES (894, 17, 104);
INSERT INTO public.topicfollow (id, userid, topicid) VALUES (895, 19, 104);
INSERT INTO public.topicfollow (id, userid, topicid) VALUES (896, 2, 105);
INSERT INTO public.topicfollow (id, userid, topicid) VALUES (897, 4, 105);
INSERT INTO public.topicfollow (id, userid, topicid) VALUES (898, 5, 105);
INSERT INTO public.topicfollow (id, userid, topicid) VALUES (899, 7, 105);
INSERT INTO public.topicfollow (id, userid, topicid) VALUES (900, 9, 105);
INSERT INTO public.topicfollow (id, userid, topicid) VALUES (901, 13, 105);
INSERT INTO public.topicfollow (id, userid, topicid) VALUES (902, 16, 105);
INSERT INTO public.topicfollow (id, userid, topicid) VALUES (903, 17, 105);
INSERT INTO public.topicfollow (id, userid, topicid) VALUES (904, 18, 105);
INSERT INTO public.topicfollow (id, userid, topicid) VALUES (905, 7, 106);
INSERT INTO public.topicfollow (id, userid, topicid) VALUES (906, 12, 106);
INSERT INTO public.topicfollow (id, userid, topicid) VALUES (907, 14, 106);
INSERT INTO public.topicfollow (id, userid, topicid) VALUES (908, 16, 106);
INSERT INTO public.topicfollow (id, userid, topicid) VALUES (909, 17, 106);
INSERT INTO public.topicfollow (id, userid, topicid) VALUES (910, 19, 106);
INSERT INTO public.topicfollow (id, userid, topicid) VALUES (911, 20, 106);
INSERT INTO public.topicfollow (id, userid, topicid) VALUES (912, 21, 106);
INSERT INTO public.topicfollow (id, userid, topicid) VALUES (913, 1, 107);
INSERT INTO public.topicfollow (id, userid, topicid) VALUES (914, 4, 107);
INSERT INTO public.topicfollow (id, userid, topicid) VALUES (915, 7, 107);
INSERT INTO public.topicfollow (id, userid, topicid) VALUES (916, 8, 107);
INSERT INTO public.topicfollow (id, userid, topicid) VALUES (917, 9, 107);
INSERT INTO public.topicfollow (id, userid, topicid) VALUES (918, 10, 107);
INSERT INTO public.topicfollow (id, userid, topicid) VALUES (919, 17, 107);
INSERT INTO public.topicfollow (id, userid, topicid) VALUES (920, 18, 107);
INSERT INTO public.topicfollow (id, userid, topicid) VALUES (921, 20, 107);
INSERT INTO public.topicfollow (id, userid, topicid) VALUES (922, 21, 107);
INSERT INTO public.topicfollow (id, userid, topicid) VALUES (923, 2, 108);
INSERT INTO public.topicfollow (id, userid, topicid) VALUES (924, 6, 108);
INSERT INTO public.topicfollow (id, userid, topicid) VALUES (925, 7, 108);
INSERT INTO public.topicfollow (id, userid, topicid) VALUES (926, 8, 108);
INSERT INTO public.topicfollow (id, userid, topicid) VALUES (927, 9, 108);
INSERT INTO public.topicfollow (id, userid, topicid) VALUES (928, 10, 108);
INSERT INTO public.topicfollow (id, userid, topicid) VALUES (929, 13, 108);
INSERT INTO public.topicfollow (id, userid, topicid) VALUES (930, 16, 108);
INSERT INTO public.topicfollow (id, userid, topicid) VALUES (931, 17, 108);
INSERT INTO public.topicfollow (id, userid, topicid) VALUES (932, 18, 108);
INSERT INTO public.topicfollow (id, userid, topicid) VALUES (933, 20, 108);
INSERT INTO public.topicfollow (id, userid, topicid) VALUES (934, 5, 109);
INSERT INTO public.topicfollow (id, userid, topicid) VALUES (935, 9, 109);
INSERT INTO public.topicfollow (id, userid, topicid) VALUES (936, 10, 109);
INSERT INTO public.topicfollow (id, userid, topicid) VALUES (937, 11, 109);
INSERT INTO public.topicfollow (id, userid, topicid) VALUES (938, 14, 109);
INSERT INTO public.topicfollow (id, userid, topicid) VALUES (939, 16, 109);
INSERT INTO public.topicfollow (id, userid, topicid) VALUES (940, 18, 109);
INSERT INTO public.topicfollow (id, userid, topicid) VALUES (941, 3, 110);
INSERT INTO public.topicfollow (id, userid, topicid) VALUES (942, 4, 110);
INSERT INTO public.topicfollow (id, userid, topicid) VALUES (943, 6, 110);
INSERT INTO public.topicfollow (id, userid, topicid) VALUES (944, 7, 110);
INSERT INTO public.topicfollow (id, userid, topicid) VALUES (945, 9, 110);
INSERT INTO public.topicfollow (id, userid, topicid) VALUES (946, 11, 110);
INSERT INTO public.topicfollow (id, userid, topicid) VALUES (947, 12, 110);
INSERT INTO public.topicfollow (id, userid, topicid) VALUES (948, 15, 110);
INSERT INTO public.topicfollow (id, userid, topicid) VALUES (949, 16, 110);
INSERT INTO public.topicfollow (id, userid, topicid) VALUES (950, 17, 110);
INSERT INTO public.topicfollow (id, userid, topicid) VALUES (951, 18, 110);
INSERT INTO public.topicfollow (id, userid, topicid) VALUES (952, 19, 110);
INSERT INTO public.topicfollow (id, userid, topicid) VALUES (953, 1, 111);
INSERT INTO public.topicfollow (id, userid, topicid) VALUES (954, 8, 111);
INSERT INTO public.topicfollow (id, userid, topicid) VALUES (955, 10, 111);
INSERT INTO public.topicfollow (id, userid, topicid) VALUES (956, 14, 111);
INSERT INTO public.topicfollow (id, userid, topicid) VALUES (957, 15, 111);
INSERT INTO public.topicfollow (id, userid, topicid) VALUES (958, 16, 111);
INSERT INTO public.topicfollow (id, userid, topicid) VALUES (959, 17, 111);
INSERT INTO public.topicfollow (id, userid, topicid) VALUES (960, 20, 111);
INSERT INTO public.topicfollow (id, userid, topicid) VALUES (961, 4, 112);
INSERT INTO public.topicfollow (id, userid, topicid) VALUES (962, 5, 112);
INSERT INTO public.topicfollow (id, userid, topicid) VALUES (963, 7, 112);
INSERT INTO public.topicfollow (id, userid, topicid) VALUES (964, 9, 112);
INSERT INTO public.topicfollow (id, userid, topicid) VALUES (965, 11, 112);
INSERT INTO public.topicfollow (id, userid, topicid) VALUES (966, 12, 112);
INSERT INTO public.topicfollow (id, userid, topicid) VALUES (967, 13, 112);
INSERT INTO public.topicfollow (id, userid, topicid) VALUES (968, 15, 112);
INSERT INTO public.topicfollow (id, userid, topicid) VALUES (969, 16, 112);
INSERT INTO public.topicfollow (id, userid, topicid) VALUES (970, 21, 112);
INSERT INTO public.topicfollow (id, userid, topicid) VALUES (971, 1, 113);
INSERT INTO public.topicfollow (id, userid, topicid) VALUES (972, 3, 113);
INSERT INTO public.topicfollow (id, userid, topicid) VALUES (973, 5, 113);
INSERT INTO public.topicfollow (id, userid, topicid) VALUES (974, 6, 113);
INSERT INTO public.topicfollow (id, userid, topicid) VALUES (975, 7, 113);
INSERT INTO public.topicfollow (id, userid, topicid) VALUES (976, 10, 113);
INSERT INTO public.topicfollow (id, userid, topicid) VALUES (977, 11, 113);
INSERT INTO public.topicfollow (id, userid, topicid) VALUES (978, 15, 113);
INSERT INTO public.topicfollow (id, userid, topicid) VALUES (979, 17, 113);
INSERT INTO public.topicfollow (id, userid, topicid) VALUES (980, 20, 113);
INSERT INTO public.topicfollow (id, userid, topicid) VALUES (981, 21, 113);
INSERT INTO public.topicfollow (id, userid, topicid) VALUES (982, 3, 114);
INSERT INTO public.topicfollow (id, userid, topicid) VALUES (983, 4, 114);
INSERT INTO public.topicfollow (id, userid, topicid) VALUES (984, 10, 114);
INSERT INTO public.topicfollow (id, userid, topicid) VALUES (985, 11, 114);
INSERT INTO public.topicfollow (id, userid, topicid) VALUES (986, 12, 114);
INSERT INTO public.topicfollow (id, userid, topicid) VALUES (987, 13, 114);
INSERT INTO public.topicfollow (id, userid, topicid) VALUES (988, 17, 114);
INSERT INTO public.topicfollow (id, userid, topicid) VALUES (989, 19, 114);
INSERT INTO public.topicfollow (id, userid, topicid) VALUES (990, 21, 114);
INSERT INTO public.topicfollow (id, userid, topicid) VALUES (991, 4, 115);
INSERT INTO public.topicfollow (id, userid, topicid) VALUES (992, 5, 115);
INSERT INTO public.topicfollow (id, userid, topicid) VALUES (993, 6, 115);
INSERT INTO public.topicfollow (id, userid, topicid) VALUES (994, 9, 115);
INSERT INTO public.topicfollow (id, userid, topicid) VALUES (995, 14, 115);
INSERT INTO public.topicfollow (id, userid, topicid) VALUES (996, 15, 115);
INSERT INTO public.topicfollow (id, userid, topicid) VALUES (997, 16, 115);
INSERT INTO public.topicfollow (id, userid, topicid) VALUES (998, 17, 115);
INSERT INTO public.topicfollow (id, userid, topicid) VALUES (999, 19, 115);
INSERT INTO public.topicfollow (id, userid, topicid) VALUES (1000, 20, 115);
INSERT INTO public.topicfollow (id, userid, topicid) VALUES (1001, 8, 116);
INSERT INTO public.topicfollow (id, userid, topicid) VALUES (1002, 14, 116);
INSERT INTO public.topicfollow (id, userid, topicid) VALUES (1003, 15, 116);
INSERT INTO public.topicfollow (id, userid, topicid) VALUES (1004, 16, 116);
INSERT INTO public.topicfollow (id, userid, topicid) VALUES (1005, 17, 116);
INSERT INTO public.topicfollow (id, userid, topicid) VALUES (1006, 19, 116);
INSERT INTO public.topicfollow (id, userid, topicid) VALUES (1007, 20, 116);
INSERT INTO public.topicfollow (id, userid, topicid) VALUES (1008, 3, 117);
INSERT INTO public.topicfollow (id, userid, topicid) VALUES (1009, 4, 117);
INSERT INTO public.topicfollow (id, userid, topicid) VALUES (1010, 5, 117);
INSERT INTO public.topicfollow (id, userid, topicid) VALUES (1011, 8, 117);
INSERT INTO public.topicfollow (id, userid, topicid) VALUES (1012, 15, 117);
INSERT INTO public.topicfollow (id, userid, topicid) VALUES (1013, 17, 117);
INSERT INTO public.topicfollow (id, userid, topicid) VALUES (1014, 20, 117);
INSERT INTO public.topicfollow (id, userid, topicid) VALUES (1015, 21, 117);
INSERT INTO public.topicfollow (id, userid, topicid) VALUES (1016, 1, 118);
INSERT INTO public.topicfollow (id, userid, topicid) VALUES (1017, 2, 118);
INSERT INTO public.topicfollow (id, userid, topicid) VALUES (1018, 5, 118);
INSERT INTO public.topicfollow (id, userid, topicid) VALUES (1019, 8, 118);
INSERT INTO public.topicfollow (id, userid, topicid) VALUES (1020, 10, 118);
INSERT INTO public.topicfollow (id, userid, topicid) VALUES (1021, 11, 118);
INSERT INTO public.topicfollow (id, userid, topicid) VALUES (1022, 15, 118);
INSERT INTO public.topicfollow (id, userid, topicid) VALUES (1023, 17, 118);
INSERT INTO public.topicfollow (id, userid, topicid) VALUES (1024, 18, 118);
INSERT INTO public.topicfollow (id, userid, topicid) VALUES (1025, 19, 118);
INSERT INTO public.topicfollow (id, userid, topicid) VALUES (1026, 21, 118);
INSERT INTO public.topicfollow (id, userid, topicid) VALUES (1027, 1, 119);
INSERT INTO public.topicfollow (id, userid, topicid) VALUES (1028, 9, 119);
INSERT INTO public.topicfollow (id, userid, topicid) VALUES (1029, 11, 119);
INSERT INTO public.topicfollow (id, userid, topicid) VALUES (1030, 12, 119);
INSERT INTO public.topicfollow (id, userid, topicid) VALUES (1031, 15, 119);
INSERT INTO public.topicfollow (id, userid, topicid) VALUES (1032, 18, 119);
INSERT INTO public.topicfollow (id, userid, topicid) VALUES (1033, 19, 119);
INSERT INTO public.topicfollow (id, userid, topicid) VALUES (1034, 20, 119);
INSERT INTO public.topicfollow (id, userid, topicid) VALUES (1035, 2, 120);
INSERT INTO public.topicfollow (id, userid, topicid) VALUES (1036, 3, 120);
INSERT INTO public.topicfollow (id, userid, topicid) VALUES (1037, 7, 120);
INSERT INTO public.topicfollow (id, userid, topicid) VALUES (1038, 12, 120);
INSERT INTO public.topicfollow (id, userid, topicid) VALUES (1039, 17, 120);
INSERT INTO public.topicfollow (id, userid, topicid) VALUES (1040, 21, 120);
INSERT INTO public.topicfollow (id, userid, topicid) VALUES (1041, 4, 121);
INSERT INTO public.topicfollow (id, userid, topicid) VALUES (1042, 5, 121);
INSERT INTO public.topicfollow (id, userid, topicid) VALUES (1043, 7, 121);
INSERT INTO public.topicfollow (id, userid, topicid) VALUES (1044, 14, 121);
INSERT INTO public.topicfollow (id, userid, topicid) VALUES (1045, 16, 121);
INSERT INTO public.topicfollow (id, userid, topicid) VALUES (1046, 17, 121);
INSERT INTO public.topicfollow (id, userid, topicid) VALUES (1047, 21, 121);
INSERT INTO public.topicfollow (id, userid, topicid) VALUES (1048, 1, 122);
INSERT INTO public.topicfollow (id, userid, topicid) VALUES (1049, 2, 122);
INSERT INTO public.topicfollow (id, userid, topicid) VALUES (1050, 6, 122);
INSERT INTO public.topicfollow (id, userid, topicid) VALUES (1051, 10, 122);
INSERT INTO public.topicfollow (id, userid, topicid) VALUES (1052, 13, 122);
INSERT INTO public.topicfollow (id, userid, topicid) VALUES (1053, 15, 122);
INSERT INTO public.topicfollow (id, userid, topicid) VALUES (1054, 21, 122);
INSERT INTO public.topicfollow (id, userid, topicid) VALUES (1055, 1, 123);
INSERT INTO public.topicfollow (id, userid, topicid) VALUES (1056, 6, 123);
INSERT INTO public.topicfollow (id, userid, topicid) VALUES (1057, 8, 123);
INSERT INTO public.topicfollow (id, userid, topicid) VALUES (1058, 13, 123);
INSERT INTO public.topicfollow (id, userid, topicid) VALUES (1059, 15, 123);
INSERT INTO public.topicfollow (id, userid, topicid) VALUES (1060, 16, 123);
INSERT INTO public.topicfollow (id, userid, topicid) VALUES (1061, 18, 123);
INSERT INTO public.topicfollow (id, userid, topicid) VALUES (1062, 4, 124);
INSERT INTO public.topicfollow (id, userid, topicid) VALUES (1063, 5, 124);
INSERT INTO public.topicfollow (id, userid, topicid) VALUES (1064, 7, 124);
INSERT INTO public.topicfollow (id, userid, topicid) VALUES (1065, 8, 124);
INSERT INTO public.topicfollow (id, userid, topicid) VALUES (1066, 12, 124);
INSERT INTO public.topicfollow (id, userid, topicid) VALUES (1067, 13, 124);
INSERT INTO public.topicfollow (id, userid, topicid) VALUES (1068, 15, 124);
INSERT INTO public.topicfollow (id, userid, topicid) VALUES (1069, 20, 124);
INSERT INTO public.topicfollow (id, userid, topicid) VALUES (1070, 1, 125);
INSERT INTO public.topicfollow (id, userid, topicid) VALUES (1071, 4, 125);
INSERT INTO public.topicfollow (id, userid, topicid) VALUES (1072, 8, 125);
INSERT INTO public.topicfollow (id, userid, topicid) VALUES (1073, 12, 125);
INSERT INTO public.topicfollow (id, userid, topicid) VALUES (1074, 13, 125);
INSERT INTO public.topicfollow (id, userid, topicid) VALUES (1075, 14, 125);
INSERT INTO public.topicfollow (id, userid, topicid) VALUES (1076, 18, 125);
INSERT INTO public.topicfollow (id, userid, topicid) VALUES (1077, 19, 125);
INSERT INTO public.topicfollow (id, userid, topicid) VALUES (1078, 21, 125);
INSERT INTO public.topicfollow (id, userid, topicid) VALUES (1079, 1, 126);
INSERT INTO public.topicfollow (id, userid, topicid) VALUES (1080, 3, 126);
INSERT INTO public.topicfollow (id, userid, topicid) VALUES (1081, 4, 126);
INSERT INTO public.topicfollow (id, userid, topicid) VALUES (1082, 6, 126);
INSERT INTO public.topicfollow (id, userid, topicid) VALUES (1083, 8, 126);
INSERT INTO public.topicfollow (id, userid, topicid) VALUES (1084, 9, 126);
INSERT INTO public.topicfollow (id, userid, topicid) VALUES (1085, 13, 126);
INSERT INTO public.topicfollow (id, userid, topicid) VALUES (1086, 14, 126);
INSERT INTO public.topicfollow (id, userid, topicid) VALUES (1087, 17, 126);
INSERT INTO public.topicfollow (id, userid, topicid) VALUES (1088, 20, 126);
INSERT INTO public.topicfollow (id, userid, topicid) VALUES (1089, 6, 127);
INSERT INTO public.topicfollow (id, userid, topicid) VALUES (1090, 10, 127);
INSERT INTO public.topicfollow (id, userid, topicid) VALUES (1091, 11, 127);
INSERT INTO public.topicfollow (id, userid, topicid) VALUES (1092, 12, 127);
INSERT INTO public.topicfollow (id, userid, topicid) VALUES (1093, 18, 127);
INSERT INTO public.topicfollow (id, userid, topicid) VALUES (1094, 21, 127);
INSERT INTO public.topicfollow (id, userid, topicid) VALUES (1095, 1, 128);
INSERT INTO public.topicfollow (id, userid, topicid) VALUES (1096, 3, 128);
INSERT INTO public.topicfollow (id, userid, topicid) VALUES (1097, 5, 128);
INSERT INTO public.topicfollow (id, userid, topicid) VALUES (1098, 7, 128);
INSERT INTO public.topicfollow (id, userid, topicid) VALUES (1099, 8, 128);
INSERT INTO public.topicfollow (id, userid, topicid) VALUES (1100, 12, 128);
INSERT INTO public.topicfollow (id, userid, topicid) VALUES (1101, 13, 128);
INSERT INTO public.topicfollow (id, userid, topicid) VALUES (1102, 15, 128);
INSERT INTO public.topicfollow (id, userid, topicid) VALUES (1103, 18, 128);
INSERT INTO public.topicfollow (id, userid, topicid) VALUES (1104, 20, 128);
INSERT INTO public.topicfollow (id, userid, topicid) VALUES (1105, 3, 129);
INSERT INTO public.topicfollow (id, userid, topicid) VALUES (1106, 7, 129);
INSERT INTO public.topicfollow (id, userid, topicid) VALUES (1107, 8, 129);
INSERT INTO public.topicfollow (id, userid, topicid) VALUES (1108, 9, 129);
INSERT INTO public.topicfollow (id, userid, topicid) VALUES (1109, 13, 129);
INSERT INTO public.topicfollow (id, userid, topicid) VALUES (1110, 20, 129);
INSERT INTO public.topicfollow (id, userid, topicid) VALUES (1111, 3, 130);
INSERT INTO public.topicfollow (id, userid, topicid) VALUES (1112, 4, 130);
INSERT INTO public.topicfollow (id, userid, topicid) VALUES (1113, 6, 130);
INSERT INTO public.topicfollow (id, userid, topicid) VALUES (1114, 7, 130);
INSERT INTO public.topicfollow (id, userid, topicid) VALUES (1115, 9, 130);
INSERT INTO public.topicfollow (id, userid, topicid) VALUES (1116, 10, 130);
INSERT INTO public.topicfollow (id, userid, topicid) VALUES (1117, 11, 130);
INSERT INTO public.topicfollow (id, userid, topicid) VALUES (1118, 12, 130);
INSERT INTO public.topicfollow (id, userid, topicid) VALUES (1119, 14, 130);
INSERT INTO public.topicfollow (id, userid, topicid) VALUES (1120, 16, 130);
INSERT INTO public.topicfollow (id, userid, topicid) VALUES (1121, 21, 130);


--
-- Data for Name: tweet; Type: TABLE DATA; Schema: public; Owner: jeremy
--

INSERT INTO public.tweet (id, content, created, userid, replyid) VALUES (1, 'Generic Fresh Chair Realigned Lead auxiliary #Generic Officer haptic Handcrafted parsing open-source programming #withdrawal RAM incubate models @Hannah_Fisher41', '2007-07-15', 1, NULL);
INSERT INTO public.tweet (id, content, created, userid, replyid) VALUES (2, 'Montana District Baby empower Human concept monitor synergies River Dam Cayman Islands Dollar holistic Planner Data Grocery @Tad62 @Silas_Homenick16 @Doris.Hills @Susana16 @Margarett_Connelly29', '2004-01-17', 3, NULL);
INSERT INTO public.tweet (id, content, created, userid, replyid) VALUES (3, 'Bedfordshire experiences multimedia #conglomeration Global encryption Bacon #South Dakota platforms parse Clothing #architect access sky blue Crossroad @Silas_Homenick16 @Susana16 @Tad62 @Ebba93 @Consuelo.Pfeffer42 @Hannah_Fisher41', '2004-04-10', 3, NULL);
INSERT INTO public.tweet (id, content, created, userid, replyid) VALUES (4, 'Avon redundant Paraguay Money Market Account Unbranded Concrete Computer #pixel #optimal generate Consultant Croatian #Kuna Avon Faroe Islands #invoice #Granite Auto Loan #Account @Keenan.Harvey34', '2005-03-16', 5, NULL);
INSERT INTO public.tweet (id, content, created, userid, replyid) VALUES (5, 'open architecture Phased Rhode Island Organized portals intuitive real-time Berkshire Shirt Officer Virgin Islands, U.S. Berkshire Producer Iceland Rustic @Alberto.Stracke86 @Gene14 @Tad62 @Margarett_Connelly29', '2008-06-08', 8, NULL);
INSERT INTO public.tweet (id, content, created, userid, replyid) VALUES (6, '#one-to-one #generate Granite #Fantastic quantifying #Bedfordshire Organized French Southern Territories convergence Plastic generate #Planner #Specialist Manager transition', '2001-10-13', 8, NULL);
INSERT INTO public.tweet (id, content, created, userid, replyid) VALUES (7, '#robust Rustic Cotton Sausages Refined Savings Account extensible solid state Oman #Tactics bypassing access transmit New #Zealand Dollar Fresh withdrawal Ways', '2016-01-19', 10, NULL);
INSERT INTO public.tweet (id, content, created, userid, replyid) VALUES (8, '#Vermont JBOD synthesize Stand-alone Lebanon Kyrgyz Republic #distributed Bolivar #Fuerte facilitate Wisconsin extend Soft mobile Baby Generic @Ebba93', '2009-03-22', 10, NULL);
INSERT INTO public.tweet (id, content, created, userid, replyid) VALUES (9, 'Investment Account #Pa''anga Lead #US Dollar Auto Loan Account Licensed Cotton Computer #Branch Wyoming payment Innovative Auto #Loan Account Identity extensible #Orchard #cross-media', '2012-12-27', 10, NULL);
INSERT INTO public.tweet (id, content, created, userid, replyid) VALUES (10, '#Buckinghamshire EXE Monitored Auto Loan #Account #circuit #Awesome indigo Cambridgeshire mobile #Assistant payment viral Sports Pataca #secured line', '2007-05-29', 10, NULL);
INSERT INTO public.tweet (id, content, created, userid, replyid) VALUES (11, '#yellow Baby #Direct Shoes #concept system Handmade Granite Tuna Pizza #navigating Borders online toolset Alley compress Concrete @Megane95 @Hannah_Fisher41 @Tremaine_Kuvalis52 @Gene14', '2000-05-24', 11, NULL);
INSERT INTO public.tweet (id, content, created, userid, replyid) VALUES (12, 'pixel Fantastic #Cotton Mouse navigate deposit calculate Health secured line strategize #digital program transmit Avon orange Planner South Dakota @Megane95 @Hubert.OHara @Tremaine_Kuvalis52 @Jeffery.Schaden93', '2016-09-03', 12, NULL);
INSERT INTO public.tweet (id, content, created, userid, replyid) VALUES (13, 'yellow Global #Credit Card #Account Swiss Franc application #Pa''anga SMTP navigating lavender Money #Market Account New Mexico cross-platform Borders Robust #withdrawal @Ebba93 @Margarett_Connelly29', '2013-04-06', 12, NULL);
INSERT INTO public.tweet (id, content, created, userid, replyid) VALUES (14, 'Credit Card Account plum CFA Franc BEAC users hard drive B2B Fiji Awesome Soft Towels white scale Assistant Gorgeous Cotton Computer Plains Rubber Response @Hannah_Fisher41', '2009-10-09', 12, NULL);
INSERT INTO public.tweet (id, content, created, userid, replyid) VALUES (15, '#EXE #quantify THX #quantifying Movies reboot deposit Cotton #hack #Iraq Awesome Soft #Chips repurpose auxiliary #monitor deposit @Wilfrid38', '2007-01-09', 14, NULL);
INSERT INTO public.tweet (id, content, created, userid, replyid) VALUES (16, 'Marketing compress system Shoes Interactions compressing Movies Personal Loan Account Romania concept digital Fundamental Metrics 1080p Applications @Hubert.OHara @Gene14', '2013-07-23', 15, NULL);
INSERT INTO public.tweet (id, content, created, userid, replyid) VALUES (17, 'auxiliary #channels #Factors Total #methodical Bacon Fully-configurable Mouse attitude-oriented #Cambridgeshire #matrix #Director Shoes card Buckinghamshire @Consuelo.Pfeffer42 @Doris.Hills @Major53', '2008-09-08', 15, NULL);
INSERT INTO public.tweet (id, content, created, userid, replyid) VALUES (18, '#throughput Poland Shoes Small #input Syrian Pound Avon #primary Louisiana Handmade #Cotton Hat compressing Metal #navigating invoice open #system', '2011-08-17', 17, NULL);
INSERT INTO public.tweet (id, content, created, userid, replyid) VALUES (19, 'analyzing Intuitive #parse content visionary #Grocery #Electronics Monaco human-resource #Isle of #Man bypassing Cayman Islands #Dollar #orange Streamlined ubiquitous', '2012-12-07', 17, NULL);
INSERT INTO public.tweet (id, content, created, userid, replyid) VALUES (20, 'pixel Table Personal Loan Account Bacon Kids payment Upgradable Developer #indexing SQL #metrics Berkshire solutions dynamic clicks-and-mortar @Silas_Homenick16 @Gene14', '2002-07-03', 18, NULL);
INSERT INTO public.tweet (id, content, created, userid, replyid) VALUES (21, 'Wall impactful Investment #Account Libyan Arab Jamahiriya #global functionalities #Ergonomic Delaware Soap #ivory #bandwidth Unbranded AGP #invoice project', '2005-01-27', 19, NULL);
INSERT INTO public.tweet (id, content, created, userid, replyid) VALUES (22, 'Clothing capacitor XSS forecast #firewall #Operative synthesizing #Forward ADP magenta invoice solutions #client-server interface open-source', '2016-05-29', 19, NULL);
INSERT INTO public.tweet (id, content, created, userid, replyid) VALUES (23, 'Pitcairn Islands quantify New York backing up Rue customer loyalty reboot compress interfaces parse grey workforce turquoise Savings Account Developer', '2004-04-12', 21, NULL);
INSERT INTO public.tweet (id, content, created, userid, replyid) VALUES (24, 'SMS Regional Savings Account Computers seamless 3rd generation Nepal Ridges payment pixel black monitor Senegal index Sausages @Benton51 @Leone.Hettinger66 @Tremaine_Kuvalis52 @Hannah_Fisher41', '2013-05-28', 21, NULL);
INSERT INTO public.tweet (id, content, created, userid, replyid) VALUES (25, 'Coordinator Handcrafted Granite #Towels #cohesive Union #USB Fantastic Metal Computer #Wooden superstructure Group Gorgeous Steel #Chair Visionary Tasty neural-net bypass indexing', '2000-12-29', 21, NULL);
INSERT INTO public.tweet (id, content, created, userid, replyid) VALUES (26, 'Electronics Fish Illinois transmitter quantifying firmware bypass calculate Locks Chair Usability Singapore Dollar Qatar microchip Auto Loan Account invoice Rustic Granite Soap Sleek Wooden Chips Handcrafted Practical Steel Keyboard @Margarett_Connelly29', '2018-01-30', 10, 22);
INSERT INTO public.tweet (id, content, created, userid, replyid) VALUES (27, 'Louisiana deliverables Lights generating background #Gloves #black deposit haptic #matrix Platinum Borders Landing Steel Games modular feed indexing Borders Kansas @Doris.Hills', '2008-09-25', 2, 21);
INSERT INTO public.tweet (id, content, created, userid, replyid) VALUES (28, 'withdrawal Dynamic extranet Generic Small Re-engineered multi-byte scale optimizing vertical ROI disintermediate global customized calculate Cayman Islands granular Chair Soft circuit', '2019-09-29', 3, 21);
INSERT INTO public.tweet (id, content, created, userid, replyid) VALUES (29, 'Ramp 6th generation revolutionize Martinique #Designer Cloned synergistic Berkshire #Pass indigo synergistic Equatorial Guinea Sports XML bricks-and-clicks Metal transmit networks Egyptian Pound #Associate @Silas_Homenick16 @Ebba93 @Major53 @Wilfrid38 @Gene14 @Consuelo.Pfeffer42', '2015-01-26', 13, 21);
INSERT INTO public.tweet (id, content, created, userid, replyid) VALUES (30, '#protocol #monitor Ways functionalities grid-enabled Regional initiatives Home Loan #Account enhance override Ergonomic hack #Books #supply-chains #core technologies Kiribati program Sports partnerships', '2016-03-07', 16, 29);
INSERT INTO public.tweet (id, content, created, userid, replyid) VALUES (31, 'generate synthesize Supervisor Tuna cyan Sports synergize collaborative framework Cuban Peso Peso Convertible #Gateway Dominican Peso North Carolina capacitor Avon parse Savings Account hub Alaska Berkshire @Megane95 @Susana16 @Tremaine_Kuvalis52 @Keenan.Harvey34 @Tad62', '2017-08-29', 19, 27);
INSERT INTO public.tweet (id, content, created, userid, replyid) VALUES (32, 'orchid Dynamic Principal Chips Handcrafted Frozen Keyboard Interactions Berkshire online red Generic virtual Intelligent Rubber Shirt local area network Bacon AGP reinvent Computers azure Connecticut withdrawal @Kacey26 @Megane95 @Susana16 @Leone.Hettinger66 @Silas_Homenick16', '2019-02-23', 12, 31);
INSERT INTO public.tweet (id, content, created, userid, replyid) VALUES (33, 'Chips Applications AGP Nebraska bandwidth Chips purple unleash Dynamic District TCP Central auxiliary Shirt Industrial infrastructure payment application Guam redundant', '2019-03-08', 3, 32);
INSERT INTO public.tweet (id, content, created, userid, replyid) VALUES (34, 'GB Lebanon #Borders Saudi Riyal District mint #green JBOD Cotton Cambridgeshire #Web Computers Towels repurpose #American #Samoa back up Bridge Keyboard Personal Loan Account invoice innovative @Hubert.OHara @Keenan.Harvey34 @Kacey26 @Dell.Rowe78 @Wilfrid38 @Alberto.Stracke86', '2019-10-14', 15, 32);
INSERT INTO public.tweet (id, content, created, userid, replyid) VALUES (35, '24 #hour Chicken open-source #neural #Strategist #Qatar cutting-edge Western #Sahara Incredible primary United #Kingdom #monitor #Soft disintermediate Yuan Renminbi Incredible Associate orchid Mouse Outdoors @Tremaine_Kuvalis52', '2019-03-12', 19, 32);
INSERT INTO public.tweet (id, content, created, userid, replyid) VALUES (36, 'Games integrate repurpose Intelligent Concrete Soap maroon Money Market Account mint green Berkshire Kazakhstan Land executive Facilitator synergies e-business Representative matrix neutral Syrian Arab Republic Clothing Soap @Keenan.Harvey34 @Jeffery.Schaden93 @Consuelo.Pfeffer42', '2019-07-14', 3, 33);
INSERT INTO public.tweet (id, content, created, userid, replyid) VALUES (37, 'Associate Awesome Incredible Gorgeous Central Bedfordshire bypassing Quetzal reintermediate 1080p #Accounts Bedfordshire e-tailers Facilitator indexing Berkshire paradigms deposit deposit #invoice @Gene14 @Ebba93 @Margarett_Connelly29 @Benton51 @Tad62', '2019-05-18', 13, 33);
INSERT INTO public.tweet (id, content, created, userid, replyid) VALUES (38, 'navigating connect #Sleek #infomediaries web-enabled Shoes frictionless Lead #Dynamic Towels Bedfordshire black knowledge base 1080p Wooden JBOD Investment Account payment Home Loan Account channels', '2019-09-17', 1, 36);
INSERT INTO public.tweet (id, content, created, userid, replyid) VALUES (39, 'architectures #RSS quantifying Incredible #Steel Chips withdrawal #Awesome Rubber Mouse installation Freeway Indian Rupee index help-desk #Azerbaijanian Manat function Integration morph Frozen Bypass generating users maroon', '2014-09-07', 20, 17);
INSERT INTO public.tweet (id, content, created, userid, replyid) VALUES (40, 'SMS Automotive #invoice Internal Libyan #Arab Jamahiriya Mongolia copy #Reunion Sleek Cotton Sausages connect generating Product HTTP Prairie parse schemas Applications array parsing back-end @Ebba93 @Alberto.Stracke86', '2014-11-26', 1, 14);
INSERT INTO public.tweet (id, content, created, userid, replyid) VALUES (41, '#object-oriented Program monitor whiteboard Hong Kong #withdrawal Gorgeous Plastic Fish #New Caledonia withdrawal Frozen systems #Lane #Savings #Account Research infrastructures Security copying Money Market #Account #Gourde #US Dollar back-end @Jeffery.Schaden93 @Gene14 @Tad62', '2015-06-23', 3, 40);
INSERT INTO public.tweet (id, content, created, userid, replyid) VALUES (42, '#Moroccan Dirham Regional mission-critical Inlet IB Maryland Auto Loan Account Fantastic Wooden Car North Korean #Won Belgium frictionless #success Money Market Account sensor Planner online Garden deposit Avon backing up @Alberto.Stracke86 @Tad62 @Hubert.OHara @Gene14', '2018-08-10', 6, 12);
INSERT INTO public.tweet (id, content, created, userid, replyid) VALUES (43, 'Arizona Awesome Steel Sausages Indiana Jewelery #Gibraltar Pants Moldovan Leu proactive generate Manor 5th generation encoding Central #withdrawal Garden Qatar Practical Wooden Chips quantifying indigo implementation @Kacey26', '2015-11-05', 12, 10);
INSERT INTO public.tweet (id, content, created, userid, replyid) VALUES (44, 'enable open architecture analyzing facilitate Administrator Swiss Franc SMTP dot-com software productivity ubiquitous incentivize indexing protocol revolutionary Via Analyst SQL SSL backing up', '2016-04-08', 3, 8);
INSERT INTO public.tweet (id, content, created, userid, replyid) VALUES (45, 'European Unit of Account 9(E.U.A.-9) bypass 6th generation violet Games National withdrawal Berkshire redundant capacitor Health Home Loan Account New Jersey strategic Dynamic CFA Franc #BEAC Money Market Account AGP New Israeli Sheqel Computers', '2018-01-17', 20, 8);
INSERT INTO public.tweet (id, content, created, userid, replyid) VALUES (46, 'green visualize hacking Kentucky Hat JBOD Total #International #reboot reinvent India navigating deposit orange copying Soft Home Loan Account Sausages distributed SMS @Consuelo.Pfeffer42 @Major53 @Tremaine_Kuvalis52', '2018-06-05', 9, 7);
INSERT INTO public.tweet (id, content, created, userid, replyid) VALUES (47, '#e-commerce next-generation Sleek Regional workforce #Reactive driver RSS Crossroad solid state Avon Robust mobile Salad Awesome South Carolina Legacy back-end Cheese invoice @Keenan.Harvey34', '2018-12-15', 1, 5);
INSERT INTO public.tweet (id, content, created, userid, replyid) VALUES (48, 'Sierra Leone #Computer Shoes FTP Up-sized Money Market Account ROI salmon Clothing matrix Sleek Granite #Hat next generation #Automotive Developer Bedfordshire 24 hour Cheese Texas Berkshire parse @Silas_Homenick16', '2018-12-26', 20, 47);
INSERT INTO public.tweet (id, content, created, userid, replyid) VALUES (49, 'infrastructure #evolve synthesizing Zimbabwe Dollar Seychelles system JSON Buckinghamshire Ball Web firewall Graphic Interface gold Incredible Fields Checking Account Ergonomic Plastic Mouse Alaska user-centric markets @Doris.Hills @Wilfrid38 @Major53 @Hubert.OHara', '2016-11-04', 2, 3);


--
-- Data for Name: topicmention; Type: TABLE DATA; Schema: public; Owner: jeremy
--

INSERT INTO public.topicmention (id, tweetid, topicid) VALUES (1, 1, 1);
INSERT INTO public.topicmention (id, tweetid, topicid) VALUES (2, 1, 2);
INSERT INTO public.topicmention (id, tweetid, topicid) VALUES (3, 3, 3);
INSERT INTO public.topicmention (id, tweetid, topicid) VALUES (4, 3, 4);
INSERT INTO public.topicmention (id, tweetid, topicid) VALUES (5, 3, 5);
INSERT INTO public.topicmention (id, tweetid, topicid) VALUES (6, 4, 6);
INSERT INTO public.topicmention (id, tweetid, topicid) VALUES (7, 4, 7);
INSERT INTO public.topicmention (id, tweetid, topicid) VALUES (8, 4, 8);
INSERT INTO public.topicmention (id, tweetid, topicid) VALUES (9, 4, 9);
INSERT INTO public.topicmention (id, tweetid, topicid) VALUES (10, 4, 10);
INSERT INTO public.topicmention (id, tweetid, topicid) VALUES (11, 4, 11);
INSERT INTO public.topicmention (id, tweetid, topicid) VALUES (12, 6, 12);
INSERT INTO public.topicmention (id, tweetid, topicid) VALUES (13, 6, 13);
INSERT INTO public.topicmention (id, tweetid, topicid) VALUES (14, 6, 14);
INSERT INTO public.topicmention (id, tweetid, topicid) VALUES (15, 6, 15);
INSERT INTO public.topicmention (id, tweetid, topicid) VALUES (16, 6, 16);
INSERT INTO public.topicmention (id, tweetid, topicid) VALUES (17, 6, 17);
INSERT INTO public.topicmention (id, tweetid, topicid) VALUES (18, 7, 18);
INSERT INTO public.topicmention (id, tweetid, topicid) VALUES (19, 7, 19);
INSERT INTO public.topicmention (id, tweetid, topicid) VALUES (20, 7, 20);
INSERT INTO public.topicmention (id, tweetid, topicid) VALUES (21, 8, 21);
INSERT INTO public.topicmention (id, tweetid, topicid) VALUES (22, 8, 22);
INSERT INTO public.topicmention (id, tweetid, topicid) VALUES (23, 8, 23);
INSERT INTO public.topicmention (id, tweetid, topicid) VALUES (24, 9, 24);
INSERT INTO public.topicmention (id, tweetid, topicid) VALUES (25, 9, 25);
INSERT INTO public.topicmention (id, tweetid, topicid) VALUES (26, 9, 26);
INSERT INTO public.topicmention (id, tweetid, topicid) VALUES (27, 9, 27);
INSERT INTO public.topicmention (id, tweetid, topicid) VALUES (28, 9, 28);
INSERT INTO public.topicmention (id, tweetid, topicid) VALUES (29, 9, 29);
INSERT INTO public.topicmention (id, tweetid, topicid) VALUES (30, 10, 30);
INSERT INTO public.topicmention (id, tweetid, topicid) VALUES (31, 10, 11);
INSERT INTO public.topicmention (id, tweetid, topicid) VALUES (32, 10, 31);
INSERT INTO public.topicmention (id, tweetid, topicid) VALUES (33, 10, 32);
INSERT INTO public.topicmention (id, tweetid, topicid) VALUES (34, 10, 33);
INSERT INTO public.topicmention (id, tweetid, topicid) VALUES (35, 10, 34);
INSERT INTO public.topicmention (id, tweetid, topicid) VALUES (36, 11, 35);
INSERT INTO public.topicmention (id, tweetid, topicid) VALUES (37, 11, 36);
INSERT INTO public.topicmention (id, tweetid, topicid) VALUES (38, 11, 37);
INSERT INTO public.topicmention (id, tweetid, topicid) VALUES (39, 11, 38);
INSERT INTO public.topicmention (id, tweetid, topicid) VALUES (40, 12, 39);
INSERT INTO public.topicmention (id, tweetid, topicid) VALUES (41, 12, 40);
INSERT INTO public.topicmention (id, tweetid, topicid) VALUES (42, 13, 41);
INSERT INTO public.topicmention (id, tweetid, topicid) VALUES (43, 13, 11);
INSERT INTO public.topicmention (id, tweetid, topicid) VALUES (44, 13, 24);
INSERT INTO public.topicmention (id, tweetid, topicid) VALUES (45, 13, 42);
INSERT INTO public.topicmention (id, tweetid, topicid) VALUES (46, 13, 2);
INSERT INTO public.topicmention (id, tweetid, topicid) VALUES (47, 15, 43);
INSERT INTO public.topicmention (id, tweetid, topicid) VALUES (48, 15, 44);
INSERT INTO public.topicmention (id, tweetid, topicid) VALUES (49, 15, 45);
INSERT INTO public.topicmention (id, tweetid, topicid) VALUES (50, 15, 46);
INSERT INTO public.topicmention (id, tweetid, topicid) VALUES (51, 15, 47);
INSERT INTO public.topicmention (id, tweetid, topicid) VALUES (52, 15, 48);
INSERT INTO public.topicmention (id, tweetid, topicid) VALUES (53, 15, 49);
INSERT INTO public.topicmention (id, tweetid, topicid) VALUES (54, 17, 50);
INSERT INTO public.topicmention (id, tweetid, topicid) VALUES (55, 17, 51);
INSERT INTO public.topicmention (id, tweetid, topicid) VALUES (56, 17, 52);
INSERT INTO public.topicmention (id, tweetid, topicid) VALUES (57, 17, 53);
INSERT INTO public.topicmention (id, tweetid, topicid) VALUES (58, 17, 54);
INSERT INTO public.topicmention (id, tweetid, topicid) VALUES (59, 17, 55);
INSERT INTO public.topicmention (id, tweetid, topicid) VALUES (60, 18, 56);
INSERT INTO public.topicmention (id, tweetid, topicid) VALUES (61, 18, 57);
INSERT INTO public.topicmention (id, tweetid, topicid) VALUES (62, 18, 58);
INSERT INTO public.topicmention (id, tweetid, topicid) VALUES (63, 18, 39);
INSERT INTO public.topicmention (id, tweetid, topicid) VALUES (64, 18, 38);
INSERT INTO public.topicmention (id, tweetid, topicid) VALUES (65, 18, 59);
INSERT INTO public.topicmention (id, tweetid, topicid) VALUES (66, 19, 60);
INSERT INTO public.topicmention (id, tweetid, topicid) VALUES (67, 19, 61);
INSERT INTO public.topicmention (id, tweetid, topicid) VALUES (68, 19, 62);
INSERT INTO public.topicmention (id, tweetid, topicid) VALUES (69, 19, 63);
INSERT INTO public.topicmention (id, tweetid, topicid) VALUES (70, 19, 64);
INSERT INTO public.topicmention (id, tweetid, topicid) VALUES (71, 19, 65);
INSERT INTO public.topicmention (id, tweetid, topicid) VALUES (72, 19, 66);
INSERT INTO public.topicmention (id, tweetid, topicid) VALUES (73, 20, 67);
INSERT INTO public.topicmention (id, tweetid, topicid) VALUES (74, 20, 68);
INSERT INTO public.topicmention (id, tweetid, topicid) VALUES (75, 21, 11);
INSERT INTO public.topicmention (id, tweetid, topicid) VALUES (76, 21, 69);
INSERT INTO public.topicmention (id, tweetid, topicid) VALUES (77, 21, 70);
INSERT INTO public.topicmention (id, tweetid, topicid) VALUES (78, 21, 71);
INSERT INTO public.topicmention (id, tweetid, topicid) VALUES (79, 21, 72);
INSERT INTO public.topicmention (id, tweetid, topicid) VALUES (80, 21, 9);
INSERT INTO public.topicmention (id, tweetid, topicid) VALUES (81, 22, 73);
INSERT INTO public.topicmention (id, tweetid, topicid) VALUES (82, 22, 74);
INSERT INTO public.topicmention (id, tweetid, topicid) VALUES (83, 22, 75);
INSERT INTO public.topicmention (id, tweetid, topicid) VALUES (84, 22, 76);
INSERT INTO public.topicmention (id, tweetid, topicid) VALUES (85, 25, 77);
INSERT INTO public.topicmention (id, tweetid, topicid) VALUES (86, 25, 78);
INSERT INTO public.topicmention (id, tweetid, topicid) VALUES (87, 25, 79);
INSERT INTO public.topicmention (id, tweetid, topicid) VALUES (88, 25, 80);
INSERT INTO public.topicmention (id, tweetid, topicid) VALUES (89, 25, 81);
INSERT INTO public.topicmention (id, tweetid, topicid) VALUES (90, 27, 82);
INSERT INTO public.topicmention (id, tweetid, topicid) VALUES (91, 27, 83);
INSERT INTO public.topicmention (id, tweetid, topicid) VALUES (92, 27, 54);
INSERT INTO public.topicmention (id, tweetid, topicid) VALUES (93, 29, 84);
INSERT INTO public.topicmention (id, tweetid, topicid) VALUES (94, 29, 85);
INSERT INTO public.topicmention (id, tweetid, topicid) VALUES (95, 29, 86);
INSERT INTO public.topicmention (id, tweetid, topicid) VALUES (96, 30, 87);
INSERT INTO public.topicmention (id, tweetid, topicid) VALUES (97, 30, 49);
INSERT INTO public.topicmention (id, tweetid, topicid) VALUES (98, 30, 11);
INSERT INTO public.topicmention (id, tweetid, topicid) VALUES (99, 30, 88);
INSERT INTO public.topicmention (id, tweetid, topicid) VALUES (100, 30, 89);
INSERT INTO public.topicmention (id, tweetid, topicid) VALUES (101, 30, 90);
INSERT INTO public.topicmention (id, tweetid, topicid) VALUES (102, 31, 91);
INSERT INTO public.topicmention (id, tweetid, topicid) VALUES (103, 34, 92);
INSERT INTO public.topicmention (id, tweetid, topicid) VALUES (104, 34, 93);
INSERT INTO public.topicmention (id, tweetid, topicid) VALUES (105, 34, 94);
INSERT INTO public.topicmention (id, tweetid, topicid) VALUES (106, 34, 95);
INSERT INTO public.topicmention (id, tweetid, topicid) VALUES (107, 34, 96);
INSERT INTO public.topicmention (id, tweetid, topicid) VALUES (108, 35, 97);
INSERT INTO public.topicmention (id, tweetid, topicid) VALUES (109, 35, 98);
INSERT INTO public.topicmention (id, tweetid, topicid) VALUES (110, 35, 99);
INSERT INTO public.topicmention (id, tweetid, topicid) VALUES (111, 35, 100);
INSERT INTO public.topicmention (id, tweetid, topicid) VALUES (112, 35, 101);
INSERT INTO public.topicmention (id, tweetid, topicid) VALUES (113, 35, 102);
INSERT INTO public.topicmention (id, tweetid, topicid) VALUES (114, 35, 49);
INSERT INTO public.topicmention (id, tweetid, topicid) VALUES (115, 35, 103);
INSERT INTO public.topicmention (id, tweetid, topicid) VALUES (116, 37, 104);
INSERT INTO public.topicmention (id, tweetid, topicid) VALUES (117, 37, 9);
INSERT INTO public.topicmention (id, tweetid, topicid) VALUES (118, 38, 105);
INSERT INTO public.topicmention (id, tweetid, topicid) VALUES (119, 38, 106);
INSERT INTO public.topicmention (id, tweetid, topicid) VALUES (120, 38, 107);
INSERT INTO public.topicmention (id, tweetid, topicid) VALUES (121, 39, 108);
INSERT INTO public.topicmention (id, tweetid, topicid) VALUES (122, 39, 109);
INSERT INTO public.topicmention (id, tweetid, topicid) VALUES (123, 39, 32);
INSERT INTO public.topicmention (id, tweetid, topicid) VALUES (124, 39, 110);
INSERT INTO public.topicmention (id, tweetid, topicid) VALUES (125, 40, 9);
INSERT INTO public.topicmention (id, tweetid, topicid) VALUES (126, 40, 111);
INSERT INTO public.topicmention (id, tweetid, topicid) VALUES (127, 40, 112);
INSERT INTO public.topicmention (id, tweetid, topicid) VALUES (128, 41, 113);
INSERT INTO public.topicmention (id, tweetid, topicid) VALUES (129, 41, 2);
INSERT INTO public.topicmention (id, tweetid, topicid) VALUES (130, 41, 114);
INSERT INTO public.topicmention (id, tweetid, topicid) VALUES (131, 41, 115);
INSERT INTO public.topicmention (id, tweetid, topicid) VALUES (132, 41, 116);
INSERT INTO public.topicmention (id, tweetid, topicid) VALUES (133, 41, 11);
INSERT INTO public.topicmention (id, tweetid, topicid) VALUES (134, 41, 117);
INSERT INTO public.topicmention (id, tweetid, topicid) VALUES (135, 41, 25);
INSERT INTO public.topicmention (id, tweetid, topicid) VALUES (136, 42, 118);
INSERT INTO public.topicmention (id, tweetid, topicid) VALUES (137, 42, 119);
INSERT INTO public.topicmention (id, tweetid, topicid) VALUES (138, 42, 120);
INSERT INTO public.topicmention (id, tweetid, topicid) VALUES (139, 43, 121);
INSERT INTO public.topicmention (id, tweetid, topicid) VALUES (140, 43, 2);
INSERT INTO public.topicmention (id, tweetid, topicid) VALUES (141, 45, 122);
INSERT INTO public.topicmention (id, tweetid, topicid) VALUES (142, 46, 123);
INSERT INTO public.topicmention (id, tweetid, topicid) VALUES (143, 46, 124);
INSERT INTO public.topicmention (id, tweetid, topicid) VALUES (144, 47, 125);
INSERT INTO public.topicmention (id, tweetid, topicid) VALUES (145, 47, 126);
INSERT INTO public.topicmention (id, tweetid, topicid) VALUES (146, 48, 127);
INSERT INTO public.topicmention (id, tweetid, topicid) VALUES (147, 48, 128);
INSERT INTO public.topicmention (id, tweetid, topicid) VALUES (148, 48, 129);
INSERT INTO public.topicmention (id, tweetid, topicid) VALUES (149, 49, 130);


--
-- Data for Name: tweetlike; Type: TABLE DATA; Schema: public; Owner: jeremy
--

INSERT INTO public.tweetlike (id, userid, tweetid, created) VALUES (1, 1, 25, '2003-11-17');
INSERT INTO public.tweetlike (id, userid, tweetid, created) VALUES (2, 3, 25, '2009-09-25');
INSERT INTO public.tweetlike (id, userid, tweetid, created) VALUES (3, 7, 25, '2015-12-06');
INSERT INTO public.tweetlike (id, userid, tweetid, created) VALUES (4, 8, 25, '2011-03-04');
INSERT INTO public.tweetlike (id, userid, tweetid, created) VALUES (5, 12, 25, '2013-01-18');
INSERT INTO public.tweetlike (id, userid, tweetid, created) VALUES (6, 13, 25, '2005-03-28');
INSERT INTO public.tweetlike (id, userid, tweetid, created) VALUES (7, 15, 25, '2015-10-18');
INSERT INTO public.tweetlike (id, userid, tweetid, created) VALUES (8, 16, 25, '2001-06-18');
INSERT INTO public.tweetlike (id, userid, tweetid, created) VALUES (9, 17, 25, '2016-12-25');
INSERT INTO public.tweetlike (id, userid, tweetid, created) VALUES (10, 1, 24, '2017-02-16');
INSERT INTO public.tweetlike (id, userid, tweetid, created) VALUES (11, 4, 24, '2019-05-09');
INSERT INTO public.tweetlike (id, userid, tweetid, created) VALUES (12, 6, 24, '2019-09-26');
INSERT INTO public.tweetlike (id, userid, tweetid, created) VALUES (13, 7, 24, '2018-04-17');
INSERT INTO public.tweetlike (id, userid, tweetid, created) VALUES (14, 8, 24, '2014-12-19');
INSERT INTO public.tweetlike (id, userid, tweetid, created) VALUES (15, 9, 24, '2015-08-09');
INSERT INTO public.tweetlike (id, userid, tweetid, created) VALUES (16, 10, 24, '2019-02-25');
INSERT INTO public.tweetlike (id, userid, tweetid, created) VALUES (17, 12, 24, '2017-02-22');
INSERT INTO public.tweetlike (id, userid, tweetid, created) VALUES (18, 13, 24, '2017-09-18');
INSERT INTO public.tweetlike (id, userid, tweetid, created) VALUES (19, 14, 24, '2016-08-27');
INSERT INTO public.tweetlike (id, userid, tweetid, created) VALUES (20, 15, 24, '2018-09-13');
INSERT INTO public.tweetlike (id, userid, tweetid, created) VALUES (21, 19, 24, '2016-06-28');
INSERT INTO public.tweetlike (id, userid, tweetid, created) VALUES (22, 20, 24, '2019-07-24');
INSERT INTO public.tweetlike (id, userid, tweetid, created) VALUES (23, 21, 24, '2015-12-06');
INSERT INTO public.tweetlike (id, userid, tweetid, created) VALUES (24, 4, 23, '2012-06-23');
INSERT INTO public.tweetlike (id, userid, tweetid, created) VALUES (25, 5, 23, '2016-03-25');
INSERT INTO public.tweetlike (id, userid, tweetid, created) VALUES (26, 6, 23, '2005-04-24');
INSERT INTO public.tweetlike (id, userid, tweetid, created) VALUES (27, 7, 23, '2017-12-01');
INSERT INTO public.tweetlike (id, userid, tweetid, created) VALUES (28, 10, 23, '2016-01-25');
INSERT INTO public.tweetlike (id, userid, tweetid, created) VALUES (29, 11, 23, '2013-06-24');
INSERT INTO public.tweetlike (id, userid, tweetid, created) VALUES (30, 14, 23, '2010-03-29');
INSERT INTO public.tweetlike (id, userid, tweetid, created) VALUES (31, 18, 23, '2006-10-08');
INSERT INTO public.tweetlike (id, userid, tweetid, created) VALUES (32, 20, 23, '2009-09-22');
INSERT INTO public.tweetlike (id, userid, tweetid, created) VALUES (33, 1, 22, '2018-12-13');
INSERT INTO public.tweetlike (id, userid, tweetid, created) VALUES (34, 4, 22, '2018-05-28');
INSERT INTO public.tweetlike (id, userid, tweetid, created) VALUES (35, 5, 22, '2017-10-03');
INSERT INTO public.tweetlike (id, userid, tweetid, created) VALUES (36, 7, 22, '2019-03-05');
INSERT INTO public.tweetlike (id, userid, tweetid, created) VALUES (37, 9, 22, '2019-09-01');
INSERT INTO public.tweetlike (id, userid, tweetid, created) VALUES (38, 10, 22, '2016-11-10');
INSERT INTO public.tweetlike (id, userid, tweetid, created) VALUES (39, 14, 22, '2018-11-25');
INSERT INTO public.tweetlike (id, userid, tweetid, created) VALUES (40, 15, 22, '2018-08-26');
INSERT INTO public.tweetlike (id, userid, tweetid, created) VALUES (41, 16, 22, '2017-07-22');
INSERT INTO public.tweetlike (id, userid, tweetid, created) VALUES (42, 17, 22, '2017-04-15');
INSERT INTO public.tweetlike (id, userid, tweetid, created) VALUES (43, 18, 22, '2017-01-05');
INSERT INTO public.tweetlike (id, userid, tweetid, created) VALUES (44, 21, 22, '2019-09-19');
INSERT INTO public.tweetlike (id, userid, tweetid, created) VALUES (45, 1, 26, '2018-05-24');
INSERT INTO public.tweetlike (id, userid, tweetid, created) VALUES (46, 3, 26, '2019-07-04');
INSERT INTO public.tweetlike (id, userid, tweetid, created) VALUES (47, 11, 26, '2019-03-12');
INSERT INTO public.tweetlike (id, userid, tweetid, created) VALUES (48, 13, 26, '2018-09-03');
INSERT INTO public.tweetlike (id, userid, tweetid, created) VALUES (49, 20, 26, '2019-04-18');
INSERT INTO public.tweetlike (id, userid, tweetid, created) VALUES (50, 21, 26, '2018-04-03');
INSERT INTO public.tweetlike (id, userid, tweetid, created) VALUES (51, 7, 21, '2017-06-20');
INSERT INTO public.tweetlike (id, userid, tweetid, created) VALUES (52, 8, 21, '2009-02-20');
INSERT INTO public.tweetlike (id, userid, tweetid, created) VALUES (53, 10, 21, '2013-05-22');
INSERT INTO public.tweetlike (id, userid, tweetid, created) VALUES (54, 11, 21, '2012-06-12');
INSERT INTO public.tweetlike (id, userid, tweetid, created) VALUES (55, 12, 21, '2014-09-06');
INSERT INTO public.tweetlike (id, userid, tweetid, created) VALUES (56, 14, 21, '2018-08-16');
INSERT INTO public.tweetlike (id, userid, tweetid, created) VALUES (57, 16, 21, '2009-10-19');
INSERT INTO public.tweetlike (id, userid, tweetid, created) VALUES (58, 18, 21, '2014-08-20');
INSERT INTO public.tweetlike (id, userid, tweetid, created) VALUES (59, 19, 21, '2018-01-07');
INSERT INTO public.tweetlike (id, userid, tweetid, created) VALUES (60, 20, 21, '2013-09-04');
INSERT INTO public.tweetlike (id, userid, tweetid, created) VALUES (61, 21, 21, '2016-03-15');
INSERT INTO public.tweetlike (id, userid, tweetid, created) VALUES (62, 1, 29, '2018-10-12');
INSERT INTO public.tweetlike (id, userid, tweetid, created) VALUES (63, 3, 29, '2015-07-30');
INSERT INTO public.tweetlike (id, userid, tweetid, created) VALUES (64, 4, 29, '2018-09-19');
INSERT INTO public.tweetlike (id, userid, tweetid, created) VALUES (65, 5, 29, '2019-01-17');
INSERT INTO public.tweetlike (id, userid, tweetid, created) VALUES (66, 6, 29, '2015-04-12');
INSERT INTO public.tweetlike (id, userid, tweetid, created) VALUES (67, 8, 29, '2015-07-22');
INSERT INTO public.tweetlike (id, userid, tweetid, created) VALUES (68, 12, 29, '2018-01-13');
INSERT INTO public.tweetlike (id, userid, tweetid, created) VALUES (69, 13, 29, '2015-10-16');
INSERT INTO public.tweetlike (id, userid, tweetid, created) VALUES (70, 16, 29, '2015-04-01');
INSERT INTO public.tweetlike (id, userid, tweetid, created) VALUES (71, 17, 29, '2017-12-04');
INSERT INTO public.tweetlike (id, userid, tweetid, created) VALUES (72, 19, 29, '2015-12-12');
INSERT INTO public.tweetlike (id, userid, tweetid, created) VALUES (73, 20, 29, '2017-07-30');
INSERT INTO public.tweetlike (id, userid, tweetid, created) VALUES (74, 1, 30, '2017-03-31');
INSERT INTO public.tweetlike (id, userid, tweetid, created) VALUES (75, 2, 30, '2019-03-03');
INSERT INTO public.tweetlike (id, userid, tweetid, created) VALUES (76, 3, 30, '2018-08-22');
INSERT INTO public.tweetlike (id, userid, tweetid, created) VALUES (77, 5, 30, '2017-06-02');
INSERT INTO public.tweetlike (id, userid, tweetid, created) VALUES (78, 7, 30, '2018-06-24');
INSERT INTO public.tweetlike (id, userid, tweetid, created) VALUES (79, 9, 30, '2017-08-17');
INSERT INTO public.tweetlike (id, userid, tweetid, created) VALUES (80, 10, 30, '2016-07-31');
INSERT INTO public.tweetlike (id, userid, tweetid, created) VALUES (81, 11, 30, '2018-05-01');
INSERT INTO public.tweetlike (id, userid, tweetid, created) VALUES (82, 13, 30, '2016-05-30');
INSERT INTO public.tweetlike (id, userid, tweetid, created) VALUES (83, 15, 30, '2019-07-31');
INSERT INTO public.tweetlike (id, userid, tweetid, created) VALUES (84, 16, 30, '2019-07-12');
INSERT INTO public.tweetlike (id, userid, tweetid, created) VALUES (85, 18, 30, '2017-05-24');
INSERT INTO public.tweetlike (id, userid, tweetid, created) VALUES (86, 19, 30, '2016-04-02');
INSERT INTO public.tweetlike (id, userid, tweetid, created) VALUES (87, 20, 30, '2018-02-12');
INSERT INTO public.tweetlike (id, userid, tweetid, created) VALUES (88, 21, 30, '2018-07-15');
INSERT INTO public.tweetlike (id, userid, tweetid, created) VALUES (89, 2, 28, '2019-10-18');
INSERT INTO public.tweetlike (id, userid, tweetid, created) VALUES (90, 3, 28, '2019-10-25');
INSERT INTO public.tweetlike (id, userid, tweetid, created) VALUES (91, 6, 28, '2019-09-29');
INSERT INTO public.tweetlike (id, userid, tweetid, created) VALUES (92, 8, 28, '2019-10-08');
INSERT INTO public.tweetlike (id, userid, tweetid, created) VALUES (93, 9, 28, '2019-10-14');
INSERT INTO public.tweetlike (id, userid, tweetid, created) VALUES (94, 10, 28, '2019-10-25');
INSERT INTO public.tweetlike (id, userid, tweetid, created) VALUES (95, 12, 28, '2019-10-10');
INSERT INTO public.tweetlike (id, userid, tweetid, created) VALUES (96, 13, 28, '2019-10-11');
INSERT INTO public.tweetlike (id, userid, tweetid, created) VALUES (97, 14, 28, '2019-10-05');
INSERT INTO public.tweetlike (id, userid, tweetid, created) VALUES (98, 15, 28, '2019-10-18');
INSERT INTO public.tweetlike (id, userid, tweetid, created) VALUES (99, 16, 28, '2019-10-07');
INSERT INTO public.tweetlike (id, userid, tweetid, created) VALUES (100, 19, 28, '2019-10-23');
INSERT INTO public.tweetlike (id, userid, tweetid, created) VALUES (101, 20, 28, '2019-10-26');
INSERT INTO public.tweetlike (id, userid, tweetid, created) VALUES (102, 21, 28, '2019-10-16');
INSERT INTO public.tweetlike (id, userid, tweetid, created) VALUES (103, 2, 27, '2018-08-23');
INSERT INTO public.tweetlike (id, userid, tweetid, created) VALUES (104, 3, 27, '2013-11-11');
INSERT INTO public.tweetlike (id, userid, tweetid, created) VALUES (105, 4, 27, '2016-12-05');
INSERT INTO public.tweetlike (id, userid, tweetid, created) VALUES (106, 5, 27, '2018-01-20');
INSERT INTO public.tweetlike (id, userid, tweetid, created) VALUES (107, 8, 27, '2009-03-01');
INSERT INTO public.tweetlike (id, userid, tweetid, created) VALUES (108, 10, 27, '2012-07-26');
INSERT INTO public.tweetlike (id, userid, tweetid, created) VALUES (109, 12, 27, '2018-06-24');
INSERT INTO public.tweetlike (id, userid, tweetid, created) VALUES (110, 14, 27, '2010-10-05');
INSERT INTO public.tweetlike (id, userid, tweetid, created) VALUES (111, 20, 27, '2016-06-26');
INSERT INTO public.tweetlike (id, userid, tweetid, created) VALUES (112, 21, 27, '2009-04-29');
INSERT INTO public.tweetlike (id, userid, tweetid, created) VALUES (113, 1, 31, '2019-10-07');
INSERT INTO public.tweetlike (id, userid, tweetid, created) VALUES (114, 8, 31, '2019-07-07');
INSERT INTO public.tweetlike (id, userid, tweetid, created) VALUES (115, 12, 31, '2019-04-29');
INSERT INTO public.tweetlike (id, userid, tweetid, created) VALUES (116, 14, 31, '2019-05-20');
INSERT INTO public.tweetlike (id, userid, tweetid, created) VALUES (117, 9, 32, '2019-06-01');
INSERT INTO public.tweetlike (id, userid, tweetid, created) VALUES (118, 12, 32, '2019-05-11');
INSERT INTO public.tweetlike (id, userid, tweetid, created) VALUES (119, 2, 35, '2019-06-27');
INSERT INTO public.tweetlike (id, userid, tweetid, created) VALUES (120, 5, 35, '2019-06-10');
INSERT INTO public.tweetlike (id, userid, tweetid, created) VALUES (121, 9, 35, '2019-04-21');
INSERT INTO public.tweetlike (id, userid, tweetid, created) VALUES (122, 11, 35, '2019-03-24');
INSERT INTO public.tweetlike (id, userid, tweetid, created) VALUES (123, 12, 35, '2019-09-01');
INSERT INTO public.tweetlike (id, userid, tweetid, created) VALUES (124, 13, 35, '2019-10-20');
INSERT INTO public.tweetlike (id, userid, tweetid, created) VALUES (125, 14, 35, '2019-03-19');
INSERT INTO public.tweetlike (id, userid, tweetid, created) VALUES (126, 20, 35, '2019-03-19');
INSERT INTO public.tweetlike (id, userid, tweetid, created) VALUES (127, 21, 35, '2019-07-25');
INSERT INTO public.tweetlike (id, userid, tweetid, created) VALUES (128, 2, 34, '2019-10-27');
INSERT INTO public.tweetlike (id, userid, tweetid, created) VALUES (129, 3, 34, '2019-10-15');
INSERT INTO public.tweetlike (id, userid, tweetid, created) VALUES (130, 7, 34, '2019-10-18');
INSERT INTO public.tweetlike (id, userid, tweetid, created) VALUES (131, 8, 34, '2019-10-24');
INSERT INTO public.tweetlike (id, userid, tweetid, created) VALUES (132, 9, 34, '2019-10-17');
INSERT INTO public.tweetlike (id, userid, tweetid, created) VALUES (133, 10, 34, '2019-10-15');
INSERT INTO public.tweetlike (id, userid, tweetid, created) VALUES (134, 12, 34, '2019-10-28');
INSERT INTO public.tweetlike (id, userid, tweetid, created) VALUES (135, 14, 34, '2019-10-20');
INSERT INTO public.tweetlike (id, userid, tweetid, created) VALUES (136, 15, 34, '2019-10-22');
INSERT INTO public.tweetlike (id, userid, tweetid, created) VALUES (137, 16, 34, '2019-10-16');
INSERT INTO public.tweetlike (id, userid, tweetid, created) VALUES (138, 18, 34, '2019-10-15');
INSERT INTO public.tweetlike (id, userid, tweetid, created) VALUES (139, 20, 34, '2019-10-27');
INSERT INTO public.tweetlike (id, userid, tweetid, created) VALUES (140, 3, 33, '2019-09-29');
INSERT INTO public.tweetlike (id, userid, tweetid, created) VALUES (141, 4, 33, '2019-07-13');
INSERT INTO public.tweetlike (id, userid, tweetid, created) VALUES (142, 6, 33, '2019-07-03');
INSERT INTO public.tweetlike (id, userid, tweetid, created) VALUES (143, 7, 33, '2019-05-19');
INSERT INTO public.tweetlike (id, userid, tweetid, created) VALUES (144, 8, 33, '2019-05-15');
INSERT INTO public.tweetlike (id, userid, tweetid, created) VALUES (145, 9, 33, '2019-04-16');
INSERT INTO public.tweetlike (id, userid, tweetid, created) VALUES (146, 10, 33, '2019-08-17');
INSERT INTO public.tweetlike (id, userid, tweetid, created) VALUES (147, 15, 33, '2019-05-12');
INSERT INTO public.tweetlike (id, userid, tweetid, created) VALUES (148, 16, 33, '2019-05-02');
INSERT INTO public.tweetlike (id, userid, tweetid, created) VALUES (149, 20, 33, '2019-07-29');
INSERT INTO public.tweetlike (id, userid, tweetid, created) VALUES (150, 1, 37, '2019-09-12');
INSERT INTO public.tweetlike (id, userid, tweetid, created) VALUES (151, 3, 37, '2019-08-24');
INSERT INTO public.tweetlike (id, userid, tweetid, created) VALUES (152, 4, 37, '2019-05-19');
INSERT INTO public.tweetlike (id, userid, tweetid, created) VALUES (153, 7, 37, '2019-05-20');
INSERT INTO public.tweetlike (id, userid, tweetid, created) VALUES (154, 8, 37, '2019-09-02');
INSERT INTO public.tweetlike (id, userid, tweetid, created) VALUES (155, 14, 37, '2019-10-22');
INSERT INTO public.tweetlike (id, userid, tweetid, created) VALUES (156, 15, 37, '2019-08-18');
INSERT INTO public.tweetlike (id, userid, tweetid, created) VALUES (157, 16, 37, '2019-05-26');
INSERT INTO public.tweetlike (id, userid, tweetid, created) VALUES (158, 17, 37, '2019-08-05');
INSERT INTO public.tweetlike (id, userid, tweetid, created) VALUES (159, 19, 37, '2019-07-12');
INSERT INTO public.tweetlike (id, userid, tweetid, created) VALUES (160, 20, 37, '2019-07-18');
INSERT INTO public.tweetlike (id, userid, tweetid, created) VALUES (161, 1, 36, '2019-07-23');
INSERT INTO public.tweetlike (id, userid, tweetid, created) VALUES (162, 2, 36, '2019-09-07');
INSERT INTO public.tweetlike (id, userid, tweetid, created) VALUES (163, 4, 36, '2019-09-22');
INSERT INTO public.tweetlike (id, userid, tweetid, created) VALUES (164, 7, 36, '2019-08-25');
INSERT INTO public.tweetlike (id, userid, tweetid, created) VALUES (165, 9, 36, '2019-09-04');
INSERT INTO public.tweetlike (id, userid, tweetid, created) VALUES (166, 13, 36, '2019-09-22');
INSERT INTO public.tweetlike (id, userid, tweetid, created) VALUES (167, 15, 36, '2019-10-21');
INSERT INTO public.tweetlike (id, userid, tweetid, created) VALUES (168, 16, 36, '2019-07-23');
INSERT INTO public.tweetlike (id, userid, tweetid, created) VALUES (169, 18, 36, '2019-09-10');
INSERT INTO public.tweetlike (id, userid, tweetid, created) VALUES (170, 19, 36, '2019-07-26');
INSERT INTO public.tweetlike (id, userid, tweetid, created) VALUES (171, 20, 36, '2019-10-13');
INSERT INTO public.tweetlike (id, userid, tweetid, created) VALUES (172, 2, 38, '2019-10-21');
INSERT INTO public.tweetlike (id, userid, tweetid, created) VALUES (173, 4, 38, '2019-10-11');
INSERT INTO public.tweetlike (id, userid, tweetid, created) VALUES (174, 5, 38, '2019-10-26');
INSERT INTO public.tweetlike (id, userid, tweetid, created) VALUES (175, 7, 38, '2019-10-28');
INSERT INTO public.tweetlike (id, userid, tweetid, created) VALUES (176, 10, 38, '2019-09-25');
INSERT INTO public.tweetlike (id, userid, tweetid, created) VALUES (177, 14, 38, '2019-09-25');
INSERT INTO public.tweetlike (id, userid, tweetid, created) VALUES (178, 15, 38, '2019-09-19');
INSERT INTO public.tweetlike (id, userid, tweetid, created) VALUES (179, 19, 38, '2019-10-03');
INSERT INTO public.tweetlike (id, userid, tweetid, created) VALUES (180, 3, 20, '2011-05-21');
INSERT INTO public.tweetlike (id, userid, tweetid, created) VALUES (181, 5, 20, '2012-03-12');
INSERT INTO public.tweetlike (id, userid, tweetid, created) VALUES (182, 6, 20, '2003-02-08');
INSERT INTO public.tweetlike (id, userid, tweetid, created) VALUES (183, 11, 20, '2012-06-05');
INSERT INTO public.tweetlike (id, userid, tweetid, created) VALUES (184, 12, 20, '2008-11-06');
INSERT INTO public.tweetlike (id, userid, tweetid, created) VALUES (185, 13, 20, '2004-01-15');
INSERT INTO public.tweetlike (id, userid, tweetid, created) VALUES (186, 14, 20, '2002-10-22');
INSERT INTO public.tweetlike (id, userid, tweetid, created) VALUES (187, 15, 20, '2009-11-02');
INSERT INTO public.tweetlike (id, userid, tweetid, created) VALUES (188, 16, 20, '2015-01-17');
INSERT INTO public.tweetlike (id, userid, tweetid, created) VALUES (189, 18, 20, '2007-06-24');
INSERT INTO public.tweetlike (id, userid, tweetid, created) VALUES (190, 19, 20, '2011-10-14');
INSERT INTO public.tweetlike (id, userid, tweetid, created) VALUES (191, 20, 20, '2007-10-28');
INSERT INTO public.tweetlike (id, userid, tweetid, created) VALUES (192, 21, 20, '2008-09-27');
INSERT INTO public.tweetlike (id, userid, tweetid, created) VALUES (193, 1, 19, '2017-02-08');
INSERT INTO public.tweetlike (id, userid, tweetid, created) VALUES (194, 2, 19, '2017-08-20');
INSERT INTO public.tweetlike (id, userid, tweetid, created) VALUES (195, 4, 19, '2015-06-10');
INSERT INTO public.tweetlike (id, userid, tweetid, created) VALUES (196, 5, 19, '2014-10-24');
INSERT INTO public.tweetlike (id, userid, tweetid, created) VALUES (197, 7, 19, '2013-07-11');
INSERT INTO public.tweetlike (id, userid, tweetid, created) VALUES (198, 8, 19, '2016-02-04');
INSERT INTO public.tweetlike (id, userid, tweetid, created) VALUES (199, 9, 19, '2017-10-04');
INSERT INTO public.tweetlike (id, userid, tweetid, created) VALUES (200, 11, 19, '2015-01-25');
INSERT INTO public.tweetlike (id, userid, tweetid, created) VALUES (201, 13, 19, '2016-09-20');
INSERT INTO public.tweetlike (id, userid, tweetid, created) VALUES (202, 14, 19, '2019-08-12');
INSERT INTO public.tweetlike (id, userid, tweetid, created) VALUES (203, 7, 18, '2015-01-18');
INSERT INTO public.tweetlike (id, userid, tweetid, created) VALUES (204, 8, 18, '2016-03-19');
INSERT INTO public.tweetlike (id, userid, tweetid, created) VALUES (205, 12, 18, '2013-02-09');
INSERT INTO public.tweetlike (id, userid, tweetid, created) VALUES (206, 16, 18, '2012-10-25');
INSERT INTO public.tweetlike (id, userid, tweetid, created) VALUES (207, 17, 18, '2013-12-28');
INSERT INTO public.tweetlike (id, userid, tweetid, created) VALUES (208, 19, 18, '2011-09-16');
INSERT INTO public.tweetlike (id, userid, tweetid, created) VALUES (209, 21, 18, '2015-06-14');
INSERT INTO public.tweetlike (id, userid, tweetid, created) VALUES (210, 3, 17, '2017-03-02');
INSERT INTO public.tweetlike (id, userid, tweetid, created) VALUES (211, 6, 17, '2008-09-10');
INSERT INTO public.tweetlike (id, userid, tweetid, created) VALUES (212, 7, 17, '2014-03-07');
INSERT INTO public.tweetlike (id, userid, tweetid, created) VALUES (213, 8, 17, '2018-06-26');
INSERT INTO public.tweetlike (id, userid, tweetid, created) VALUES (214, 9, 17, '2013-01-17');
INSERT INTO public.tweetlike (id, userid, tweetid, created) VALUES (215, 12, 17, '2011-02-27');
INSERT INTO public.tweetlike (id, userid, tweetid, created) VALUES (216, 14, 17, '2012-01-22');
INSERT INTO public.tweetlike (id, userid, tweetid, created) VALUES (217, 15, 17, '2015-01-12');
INSERT INTO public.tweetlike (id, userid, tweetid, created) VALUES (218, 17, 17, '2019-01-08');
INSERT INTO public.tweetlike (id, userid, tweetid, created) VALUES (219, 19, 17, '2011-02-05');
INSERT INTO public.tweetlike (id, userid, tweetid, created) VALUES (220, 3, 39, '2018-05-21');
INSERT INTO public.tweetlike (id, userid, tweetid, created) VALUES (221, 4, 39, '2015-11-13');
INSERT INTO public.tweetlike (id, userid, tweetid, created) VALUES (222, 5, 39, '2016-01-08');
INSERT INTO public.tweetlike (id, userid, tweetid, created) VALUES (223, 7, 39, '2015-07-22');
INSERT INTO public.tweetlike (id, userid, tweetid, created) VALUES (224, 9, 39, '2018-06-14');
INSERT INTO public.tweetlike (id, userid, tweetid, created) VALUES (225, 10, 39, '2018-06-16');
INSERT INTO public.tweetlike (id, userid, tweetid, created) VALUES (226, 13, 39, '2019-04-22');
INSERT INTO public.tweetlike (id, userid, tweetid, created) VALUES (227, 14, 39, '2019-10-12');
INSERT INTO public.tweetlike (id, userid, tweetid, created) VALUES (228, 16, 39, '2018-02-09');
INSERT INTO public.tweetlike (id, userid, tweetid, created) VALUES (229, 17, 39, '2017-08-19');
INSERT INTO public.tweetlike (id, userid, tweetid, created) VALUES (230, 18, 39, '2015-11-16');
INSERT INTO public.tweetlike (id, userid, tweetid, created) VALUES (231, 20, 39, '2018-05-18');
INSERT INTO public.tweetlike (id, userid, tweetid, created) VALUES (232, 2, 16, '2016-05-31');
INSERT INTO public.tweetlike (id, userid, tweetid, created) VALUES (233, 3, 16, '2014-01-01');
INSERT INTO public.tweetlike (id, userid, tweetid, created) VALUES (234, 4, 16, '2019-08-06');
INSERT INTO public.tweetlike (id, userid, tweetid, created) VALUES (235, 7, 16, '2016-03-08');
INSERT INTO public.tweetlike (id, userid, tweetid, created) VALUES (236, 8, 16, '2019-02-14');
INSERT INTO public.tweetlike (id, userid, tweetid, created) VALUES (237, 12, 16, '2014-09-10');
INSERT INTO public.tweetlike (id, userid, tweetid, created) VALUES (238, 13, 16, '2014-04-17');
INSERT INTO public.tweetlike (id, userid, tweetid, created) VALUES (239, 15, 16, '2018-01-05');
INSERT INTO public.tweetlike (id, userid, tweetid, created) VALUES (240, 16, 16, '2014-05-01');
INSERT INTO public.tweetlike (id, userid, tweetid, created) VALUES (241, 18, 16, '2019-07-04');
INSERT INTO public.tweetlike (id, userid, tweetid, created) VALUES (242, 20, 16, '2019-05-17');
INSERT INTO public.tweetlike (id, userid, tweetid, created) VALUES (243, 1, 15, '2013-12-25');
INSERT INTO public.tweetlike (id, userid, tweetid, created) VALUES (244, 4, 15, '2012-08-11');
INSERT INTO public.tweetlike (id, userid, tweetid, created) VALUES (245, 5, 15, '2014-04-05');
INSERT INTO public.tweetlike (id, userid, tweetid, created) VALUES (246, 8, 15, '2017-09-02');
INSERT INTO public.tweetlike (id, userid, tweetid, created) VALUES (247, 9, 15, '2015-01-18');
INSERT INTO public.tweetlike (id, userid, tweetid, created) VALUES (248, 13, 15, '2010-12-07');
INSERT INTO public.tweetlike (id, userid, tweetid, created) VALUES (249, 14, 15, '2007-09-29');
INSERT INTO public.tweetlike (id, userid, tweetid, created) VALUES (250, 15, 15, '2013-02-24');
INSERT INTO public.tweetlike (id, userid, tweetid, created) VALUES (251, 17, 15, '2008-07-19');
INSERT INTO public.tweetlike (id, userid, tweetid, created) VALUES (252, 18, 15, '2009-07-03');
INSERT INTO public.tweetlike (id, userid, tweetid, created) VALUES (253, 19, 15, '2017-09-23');
INSERT INTO public.tweetlike (id, userid, tweetid, created) VALUES (254, 20, 15, '2010-12-01');
INSERT INTO public.tweetlike (id, userid, tweetid, created) VALUES (255, 4, 14, '2011-08-18');
INSERT INTO public.tweetlike (id, userid, tweetid, created) VALUES (256, 5, 14, '2014-06-09');
INSERT INTO public.tweetlike (id, userid, tweetid, created) VALUES (257, 11, 14, '2011-01-24');
INSERT INTO public.tweetlike (id, userid, tweetid, created) VALUES (258, 12, 14, '2015-01-20');
INSERT INTO public.tweetlike (id, userid, tweetid, created) VALUES (259, 13, 14, '2018-09-05');
INSERT INTO public.tweetlike (id, userid, tweetid, created) VALUES (260, 15, 14, '2017-07-09');
INSERT INTO public.tweetlike (id, userid, tweetid, created) VALUES (261, 20, 14, '2014-07-29');
INSERT INTO public.tweetlike (id, userid, tweetid, created) VALUES (262, 2, 40, '2015-05-22');
INSERT INTO public.tweetlike (id, userid, tweetid, created) VALUES (263, 3, 40, '2019-09-17');
INSERT INTO public.tweetlike (id, userid, tweetid, created) VALUES (264, 4, 40, '2019-01-13');
INSERT INTO public.tweetlike (id, userid, tweetid, created) VALUES (265, 6, 40, '2017-02-07');
INSERT INTO public.tweetlike (id, userid, tweetid, created) VALUES (266, 7, 40, '2016-06-11');
INSERT INTO public.tweetlike (id, userid, tweetid, created) VALUES (267, 8, 40, '2017-11-11');
INSERT INTO public.tweetlike (id, userid, tweetid, created) VALUES (268, 10, 40, '2016-07-21');
INSERT INTO public.tweetlike (id, userid, tweetid, created) VALUES (269, 14, 40, '2015-06-09');
INSERT INTO public.tweetlike (id, userid, tweetid, created) VALUES (270, 17, 40, '2017-09-28');
INSERT INTO public.tweetlike (id, userid, tweetid, created) VALUES (271, 18, 40, '2017-09-10');
INSERT INTO public.tweetlike (id, userid, tweetid, created) VALUES (272, 3, 41, '2016-08-28');
INSERT INTO public.tweetlike (id, userid, tweetid, created) VALUES (273, 12, 41, '2017-08-30');
INSERT INTO public.tweetlike (id, userid, tweetid, created) VALUES (274, 15, 41, '2019-01-13');
INSERT INTO public.tweetlike (id, userid, tweetid, created) VALUES (275, 16, 41, '2016-12-02');
INSERT INTO public.tweetlike (id, userid, tweetid, created) VALUES (276, 18, 41, '2018-03-12');
INSERT INTO public.tweetlike (id, userid, tweetid, created) VALUES (277, 19, 41, '2017-11-29');
INSERT INTO public.tweetlike (id, userid, tweetid, created) VALUES (278, 20, 41, '2018-02-10');
INSERT INTO public.tweetlike (id, userid, tweetid, created) VALUES (279, 1, 13, '2014-12-28');
INSERT INTO public.tweetlike (id, userid, tweetid, created) VALUES (280, 2, 13, '2019-03-15');
INSERT INTO public.tweetlike (id, userid, tweetid, created) VALUES (281, 3, 13, '2013-06-23');
INSERT INTO public.tweetlike (id, userid, tweetid, created) VALUES (282, 4, 13, '2019-09-28');
INSERT INTO public.tweetlike (id, userid, tweetid, created) VALUES (283, 5, 13, '2013-05-12');
INSERT INTO public.tweetlike (id, userid, tweetid, created) VALUES (284, 7, 13, '2015-10-29');
INSERT INTO public.tweetlike (id, userid, tweetid, created) VALUES (285, 9, 13, '2015-10-04');
INSERT INTO public.tweetlike (id, userid, tweetid, created) VALUES (286, 14, 13, '2018-11-26');
INSERT INTO public.tweetlike (id, userid, tweetid, created) VALUES (287, 18, 13, '2015-10-11');
INSERT INTO public.tweetlike (id, userid, tweetid, created) VALUES (288, 21, 13, '2016-10-19');
INSERT INTO public.tweetlike (id, userid, tweetid, created) VALUES (289, 1, 12, '2019-10-04');
INSERT INTO public.tweetlike (id, userid, tweetid, created) VALUES (290, 2, 12, '2018-05-01');
INSERT INTO public.tweetlike (id, userid, tweetid, created) VALUES (291, 4, 12, '2017-02-07');
INSERT INTO public.tweetlike (id, userid, tweetid, created) VALUES (292, 5, 12, '2018-09-04');
INSERT INTO public.tweetlike (id, userid, tweetid, created) VALUES (293, 6, 12, '2017-01-17');
INSERT INTO public.tweetlike (id, userid, tweetid, created) VALUES (294, 9, 12, '2019-06-29');
INSERT INTO public.tweetlike (id, userid, tweetid, created) VALUES (295, 10, 12, '2018-01-06');
INSERT INTO public.tweetlike (id, userid, tweetid, created) VALUES (296, 12, 12, '2018-05-23');
INSERT INTO public.tweetlike (id, userid, tweetid, created) VALUES (297, 13, 12, '2018-03-21');
INSERT INTO public.tweetlike (id, userid, tweetid, created) VALUES (298, 14, 12, '2018-12-28');
INSERT INTO public.tweetlike (id, userid, tweetid, created) VALUES (299, 15, 12, '2018-05-14');
INSERT INTO public.tweetlike (id, userid, tweetid, created) VALUES (300, 16, 12, '2018-10-23');
INSERT INTO public.tweetlike (id, userid, tweetid, created) VALUES (301, 17, 12, '2017-10-03');
INSERT INTO public.tweetlike (id, userid, tweetid, created) VALUES (302, 18, 12, '2018-12-09');
INSERT INTO public.tweetlike (id, userid, tweetid, created) VALUES (303, 20, 12, '2017-10-06');
INSERT INTO public.tweetlike (id, userid, tweetid, created) VALUES (304, 1, 42, '2019-08-30');
INSERT INTO public.tweetlike (id, userid, tweetid, created) VALUES (305, 2, 42, '2019-06-30');
INSERT INTO public.tweetlike (id, userid, tweetid, created) VALUES (306, 3, 42, '2019-01-04');
INSERT INTO public.tweetlike (id, userid, tweetid, created) VALUES (307, 4, 42, '2019-02-28');
INSERT INTO public.tweetlike (id, userid, tweetid, created) VALUES (308, 6, 42, '2019-07-16');
INSERT INTO public.tweetlike (id, userid, tweetid, created) VALUES (309, 7, 42, '2018-11-21');
INSERT INTO public.tweetlike (id, userid, tweetid, created) VALUES (310, 8, 42, '2018-09-21');
INSERT INTO public.tweetlike (id, userid, tweetid, created) VALUES (311, 9, 42, '2018-11-28');
INSERT INTO public.tweetlike (id, userid, tweetid, created) VALUES (312, 10, 42, '2019-10-22');
INSERT INTO public.tweetlike (id, userid, tweetid, created) VALUES (313, 11, 42, '2019-07-12');
INSERT INTO public.tweetlike (id, userid, tweetid, created) VALUES (314, 13, 42, '2018-12-21');
INSERT INTO public.tweetlike (id, userid, tweetid, created) VALUES (315, 14, 42, '2019-08-31');
INSERT INTO public.tweetlike (id, userid, tweetid, created) VALUES (316, 15, 42, '2019-10-18');
INSERT INTO public.tweetlike (id, userid, tweetid, created) VALUES (317, 17, 42, '2019-03-01');
INSERT INTO public.tweetlike (id, userid, tweetid, created) VALUES (318, 19, 42, '2019-01-01');
INSERT INTO public.tweetlike (id, userid, tweetid, created) VALUES (319, 20, 42, '2019-08-15');
INSERT INTO public.tweetlike (id, userid, tweetid, created) VALUES (320, 1, 11, '2010-12-18');
INSERT INTO public.tweetlike (id, userid, tweetid, created) VALUES (321, 3, 11, '2001-08-25');
INSERT INTO public.tweetlike (id, userid, tweetid, created) VALUES (322, 4, 11, '2018-01-19');
INSERT INTO public.tweetlike (id, userid, tweetid, created) VALUES (323, 5, 11, '2007-12-21');
INSERT INTO public.tweetlike (id, userid, tweetid, created) VALUES (324, 6, 11, '2013-06-28');
INSERT INTO public.tweetlike (id, userid, tweetid, created) VALUES (325, 7, 11, '2018-12-21');
INSERT INTO public.tweetlike (id, userid, tweetid, created) VALUES (326, 8, 11, '2004-09-29');
INSERT INTO public.tweetlike (id, userid, tweetid, created) VALUES (327, 11, 11, '2015-02-22');
INSERT INTO public.tweetlike (id, userid, tweetid, created) VALUES (328, 12, 11, '2013-06-09');
INSERT INTO public.tweetlike (id, userid, tweetid, created) VALUES (329, 13, 11, '2007-11-11');
INSERT INTO public.tweetlike (id, userid, tweetid, created) VALUES (330, 16, 11, '2009-11-14');
INSERT INTO public.tweetlike (id, userid, tweetid, created) VALUES (331, 17, 11, '2012-11-03');
INSERT INTO public.tweetlike (id, userid, tweetid, created) VALUES (332, 18, 11, '2001-04-01');
INSERT INTO public.tweetlike (id, userid, tweetid, created) VALUES (333, 20, 11, '2009-02-17');
INSERT INTO public.tweetlike (id, userid, tweetid, created) VALUES (334, 21, 11, '2016-12-06');
INSERT INTO public.tweetlike (id, userid, tweetid, created) VALUES (335, 6, 10, '2008-06-18');
INSERT INTO public.tweetlike (id, userid, tweetid, created) VALUES (336, 9, 10, '2018-01-20');
INSERT INTO public.tweetlike (id, userid, tweetid, created) VALUES (337, 11, 10, '2017-04-30');
INSERT INTO public.tweetlike (id, userid, tweetid, created) VALUES (338, 12, 10, '2008-02-05');
INSERT INTO public.tweetlike (id, userid, tweetid, created) VALUES (339, 13, 10, '2009-09-04');
INSERT INTO public.tweetlike (id, userid, tweetid, created) VALUES (340, 19, 10, '2012-06-11');
INSERT INTO public.tweetlike (id, userid, tweetid, created) VALUES (341, 2, 43, '2016-06-04');
INSERT INTO public.tweetlike (id, userid, tweetid, created) VALUES (342, 7, 43, '2018-07-16');
INSERT INTO public.tweetlike (id, userid, tweetid, created) VALUES (343, 13, 43, '2018-10-12');
INSERT INTO public.tweetlike (id, userid, tweetid, created) VALUES (344, 14, 43, '2016-01-09');
INSERT INTO public.tweetlike (id, userid, tweetid, created) VALUES (345, 15, 43, '2015-11-16');
INSERT INTO public.tweetlike (id, userid, tweetid, created) VALUES (346, 17, 43, '2019-04-15');
INSERT INTO public.tweetlike (id, userid, tweetid, created) VALUES (347, 20, 43, '2016-02-01');
INSERT INTO public.tweetlike (id, userid, tweetid, created) VALUES (348, 21, 43, '2017-05-21');
INSERT INTO public.tweetlike (id, userid, tweetid, created) VALUES (349, 1, 9, '2019-01-30');
INSERT INTO public.tweetlike (id, userid, tweetid, created) VALUES (350, 2, 9, '2013-09-09');
INSERT INTO public.tweetlike (id, userid, tweetid, created) VALUES (351, 3, 9, '2016-04-02');
INSERT INTO public.tweetlike (id, userid, tweetid, created) VALUES (352, 4, 9, '2018-12-17');
INSERT INTO public.tweetlike (id, userid, tweetid, created) VALUES (353, 8, 9, '2017-12-14');
INSERT INTO public.tweetlike (id, userid, tweetid, created) VALUES (354, 10, 9, '2016-11-28');
INSERT INTO public.tweetlike (id, userid, tweetid, created) VALUES (355, 13, 9, '2019-05-30');
INSERT INTO public.tweetlike (id, userid, tweetid, created) VALUES (356, 14, 9, '2017-01-13');
INSERT INTO public.tweetlike (id, userid, tweetid, created) VALUES (357, 16, 9, '2017-07-08');
INSERT INTO public.tweetlike (id, userid, tweetid, created) VALUES (358, 18, 9, '2016-06-06');
INSERT INTO public.tweetlike (id, userid, tweetid, created) VALUES (359, 1, 8, '2012-04-17');
INSERT INTO public.tweetlike (id, userid, tweetid, created) VALUES (360, 2, 8, '2014-12-11');
INSERT INTO public.tweetlike (id, userid, tweetid, created) VALUES (361, 3, 8, '2019-03-20');
INSERT INTO public.tweetlike (id, userid, tweetid, created) VALUES (362, 10, 8, '2013-07-28');
INSERT INTO public.tweetlike (id, userid, tweetid, created) VALUES (363, 17, 8, '2011-03-18');
INSERT INTO public.tweetlike (id, userid, tweetid, created) VALUES (364, 18, 8, '2015-06-09');
INSERT INTO public.tweetlike (id, userid, tweetid, created) VALUES (365, 19, 8, '2015-03-12');
INSERT INTO public.tweetlike (id, userid, tweetid, created) VALUES (366, 21, 8, '2012-12-28');
INSERT INTO public.tweetlike (id, userid, tweetid, created) VALUES (367, 2, 45, '2019-07-21');
INSERT INTO public.tweetlike (id, userid, tweetid, created) VALUES (368, 3, 45, '2018-12-07');
INSERT INTO public.tweetlike (id, userid, tweetid, created) VALUES (369, 4, 45, '2018-06-03');
INSERT INTO public.tweetlike (id, userid, tweetid, created) VALUES (370, 5, 45, '2018-09-22');
INSERT INTO public.tweetlike (id, userid, tweetid, created) VALUES (371, 6, 45, '2018-08-22');
INSERT INTO public.tweetlike (id, userid, tweetid, created) VALUES (372, 12, 45, '2019-05-29');
INSERT INTO public.tweetlike (id, userid, tweetid, created) VALUES (373, 13, 45, '2019-01-03');
INSERT INTO public.tweetlike (id, userid, tweetid, created) VALUES (374, 16, 45, '2018-07-05');
INSERT INTO public.tweetlike (id, userid, tweetid, created) VALUES (375, 18, 45, '2019-10-09');
INSERT INTO public.tweetlike (id, userid, tweetid, created) VALUES (376, 19, 45, '2019-10-12');
INSERT INTO public.tweetlike (id, userid, tweetid, created) VALUES (377, 21, 45, '2018-01-30');
INSERT INTO public.tweetlike (id, userid, tweetid, created) VALUES (378, 1, 44, '2019-01-06');
INSERT INTO public.tweetlike (id, userid, tweetid, created) VALUES (379, 3, 44, '2017-05-18');
INSERT INTO public.tweetlike (id, userid, tweetid, created) VALUES (380, 5, 44, '2017-08-30');
INSERT INTO public.tweetlike (id, userid, tweetid, created) VALUES (381, 7, 44, '2017-09-08');
INSERT INTO public.tweetlike (id, userid, tweetid, created) VALUES (382, 10, 44, '2016-04-27');
INSERT INTO public.tweetlike (id, userid, tweetid, created) VALUES (383, 14, 44, '2019-06-05');
INSERT INTO public.tweetlike (id, userid, tweetid, created) VALUES (384, 15, 44, '2019-10-27');
INSERT INTO public.tweetlike (id, userid, tweetid, created) VALUES (385, 20, 44, '2017-02-24');
INSERT INTO public.tweetlike (id, userid, tweetid, created) VALUES (386, 21, 44, '2017-10-02');
INSERT INTO public.tweetlike (id, userid, tweetid, created) VALUES (387, 1, 7, '2017-06-08');
INSERT INTO public.tweetlike (id, userid, tweetid, created) VALUES (388, 5, 7, '2019-10-03');
INSERT INTO public.tweetlike (id, userid, tweetid, created) VALUES (389, 6, 7, '2018-05-10');
INSERT INTO public.tweetlike (id, userid, tweetid, created) VALUES (390, 7, 7, '2017-01-23');
INSERT INTO public.tweetlike (id, userid, tweetid, created) VALUES (391, 12, 7, '2017-01-28');
INSERT INTO public.tweetlike (id, userid, tweetid, created) VALUES (392, 14, 7, '2018-10-25');
INSERT INTO public.tweetlike (id, userid, tweetid, created) VALUES (393, 16, 7, '2016-07-27');
INSERT INTO public.tweetlike (id, userid, tweetid, created) VALUES (394, 17, 7, '2019-10-14');
INSERT INTO public.tweetlike (id, userid, tweetid, created) VALUES (395, 18, 7, '2017-06-07');
INSERT INTO public.tweetlike (id, userid, tweetid, created) VALUES (396, 21, 7, '2016-12-31');
INSERT INTO public.tweetlike (id, userid, tweetid, created) VALUES (397, 1, 46, '2018-06-13');
INSERT INTO public.tweetlike (id, userid, tweetid, created) VALUES (398, 2, 46, '2019-08-30');
INSERT INTO public.tweetlike (id, userid, tweetid, created) VALUES (399, 3, 46, '2019-05-06');
INSERT INTO public.tweetlike (id, userid, tweetid, created) VALUES (400, 5, 46, '2019-05-25');
INSERT INTO public.tweetlike (id, userid, tweetid, created) VALUES (401, 7, 46, '2019-04-15');
INSERT INTO public.tweetlike (id, userid, tweetid, created) VALUES (402, 8, 46, '2018-09-11');
INSERT INTO public.tweetlike (id, userid, tweetid, created) VALUES (403, 11, 46, '2019-05-26');
INSERT INTO public.tweetlike (id, userid, tweetid, created) VALUES (404, 12, 46, '2018-12-28');
INSERT INTO public.tweetlike (id, userid, tweetid, created) VALUES (405, 17, 46, '2019-05-26');
INSERT INTO public.tweetlike (id, userid, tweetid, created) VALUES (406, 1, 6, '2002-10-01');
INSERT INTO public.tweetlike (id, userid, tweetid, created) VALUES (407, 6, 6, '2011-02-26');
INSERT INTO public.tweetlike (id, userid, tweetid, created) VALUES (408, 9, 6, '2015-03-18');
INSERT INTO public.tweetlike (id, userid, tweetid, created) VALUES (409, 11, 6, '2013-01-06');
INSERT INTO public.tweetlike (id, userid, tweetid, created) VALUES (410, 12, 6, '2003-11-13');
INSERT INTO public.tweetlike (id, userid, tweetid, created) VALUES (411, 13, 6, '2004-04-12');
INSERT INTO public.tweetlike (id, userid, tweetid, created) VALUES (412, 16, 6, '2007-06-07');
INSERT INTO public.tweetlike (id, userid, tweetid, created) VALUES (413, 20, 6, '2008-12-09');
INSERT INTO public.tweetlike (id, userid, tweetid, created) VALUES (414, 21, 6, '2005-05-27');
INSERT INTO public.tweetlike (id, userid, tweetid, created) VALUES (415, 1, 5, '2009-09-13');
INSERT INTO public.tweetlike (id, userid, tweetid, created) VALUES (416, 3, 5, '2011-11-30');
INSERT INTO public.tweetlike (id, userid, tweetid, created) VALUES (417, 6, 5, '2014-08-11');
INSERT INTO public.tweetlike (id, userid, tweetid, created) VALUES (418, 15, 5, '2014-03-01');
INSERT INTO public.tweetlike (id, userid, tweetid, created) VALUES (419, 17, 5, '2013-03-12');
INSERT INTO public.tweetlike (id, userid, tweetid, created) VALUES (420, 20, 5, '2014-05-08');
INSERT INTO public.tweetlike (id, userid, tweetid, created) VALUES (421, 2, 47, '2019-09-02');
INSERT INTO public.tweetlike (id, userid, tweetid, created) VALUES (422, 4, 47, '2018-12-17');
INSERT INTO public.tweetlike (id, userid, tweetid, created) VALUES (423, 7, 47, '2019-10-21');
INSERT INTO public.tweetlike (id, userid, tweetid, created) VALUES (424, 8, 47, '2019-07-02');
INSERT INTO public.tweetlike (id, userid, tweetid, created) VALUES (425, 9, 47, '2019-07-24');
INSERT INTO public.tweetlike (id, userid, tweetid, created) VALUES (426, 12, 47, '2019-06-16');
INSERT INTO public.tweetlike (id, userid, tweetid, created) VALUES (427, 13, 47, '2019-04-20');
INSERT INTO public.tweetlike (id, userid, tweetid, created) VALUES (428, 14, 47, '2019-08-01');
INSERT INTO public.tweetlike (id, userid, tweetid, created) VALUES (429, 15, 47, '2019-05-28');
INSERT INTO public.tweetlike (id, userid, tweetid, created) VALUES (430, 16, 47, '2019-07-24');
INSERT INTO public.tweetlike (id, userid, tweetid, created) VALUES (431, 17, 47, '2019-04-20');
INSERT INTO public.tweetlike (id, userid, tweetid, created) VALUES (432, 19, 47, '2019-02-20');
INSERT INTO public.tweetlike (id, userid, tweetid, created) VALUES (433, 20, 47, '2019-07-16');
INSERT INTO public.tweetlike (id, userid, tweetid, created) VALUES (434, 2, 48, '2019-04-28');
INSERT INTO public.tweetlike (id, userid, tweetid, created) VALUES (435, 3, 48, '2019-08-11');
INSERT INTO public.tweetlike (id, userid, tweetid, created) VALUES (436, 4, 48, '2019-10-11');
INSERT INTO public.tweetlike (id, userid, tweetid, created) VALUES (437, 6, 48, '2019-10-20');
INSERT INTO public.tweetlike (id, userid, tweetid, created) VALUES (438, 7, 48, '2019-02-05');
INSERT INTO public.tweetlike (id, userid, tweetid, created) VALUES (439, 8, 48, '2019-03-05');
INSERT INTO public.tweetlike (id, userid, tweetid, created) VALUES (440, 11, 48, '2019-01-21');
INSERT INTO public.tweetlike (id, userid, tweetid, created) VALUES (441, 14, 48, '2019-05-10');
INSERT INTO public.tweetlike (id, userid, tweetid, created) VALUES (442, 15, 48, '2019-09-15');
INSERT INTO public.tweetlike (id, userid, tweetid, created) VALUES (443, 16, 48, '2019-05-04');
INSERT INTO public.tweetlike (id, userid, tweetid, created) VALUES (444, 19, 48, '2019-05-26');
INSERT INTO public.tweetlike (id, userid, tweetid, created) VALUES (445, 21, 48, '2019-03-03');
INSERT INTO public.tweetlike (id, userid, tweetid, created) VALUES (446, 1, 4, '2015-01-06');
INSERT INTO public.tweetlike (id, userid, tweetid, created) VALUES (447, 2, 4, '2007-11-27');
INSERT INTO public.tweetlike (id, userid, tweetid, created) VALUES (448, 4, 4, '2014-05-14');
INSERT INTO public.tweetlike (id, userid, tweetid, created) VALUES (449, 5, 4, '2012-12-07');
INSERT INTO public.tweetlike (id, userid, tweetid, created) VALUES (450, 8, 4, '2006-06-06');
INSERT INTO public.tweetlike (id, userid, tweetid, created) VALUES (451, 9, 4, '2015-05-22');
INSERT INTO public.tweetlike (id, userid, tweetid, created) VALUES (452, 14, 4, '2005-06-03');
INSERT INTO public.tweetlike (id, userid, tweetid, created) VALUES (453, 15, 4, '2018-02-09');
INSERT INTO public.tweetlike (id, userid, tweetid, created) VALUES (454, 16, 4, '2017-08-16');
INSERT INTO public.tweetlike (id, userid, tweetid, created) VALUES (455, 18, 4, '2019-02-12');
INSERT INTO public.tweetlike (id, userid, tweetid, created) VALUES (456, 19, 4, '2011-07-11');
INSERT INTO public.tweetlike (id, userid, tweetid, created) VALUES (457, 20, 4, '2007-08-23');
INSERT INTO public.tweetlike (id, userid, tweetid, created) VALUES (458, 21, 4, '2007-03-24');
INSERT INTO public.tweetlike (id, userid, tweetid, created) VALUES (459, 5, 3, '2005-12-26');
INSERT INTO public.tweetlike (id, userid, tweetid, created) VALUES (460, 6, 3, '2011-03-01');
INSERT INTO public.tweetlike (id, userid, tweetid, created) VALUES (461, 8, 3, '2016-05-02');
INSERT INTO public.tweetlike (id, userid, tweetid, created) VALUES (462, 9, 3, '2011-03-02');
INSERT INTO public.tweetlike (id, userid, tweetid, created) VALUES (463, 10, 3, '2014-06-30');
INSERT INTO public.tweetlike (id, userid, tweetid, created) VALUES (464, 13, 3, '2016-01-06');
INSERT INTO public.tweetlike (id, userid, tweetid, created) VALUES (465, 15, 3, '2014-09-24');
INSERT INTO public.tweetlike (id, userid, tweetid, created) VALUES (466, 16, 3, '2012-09-24');
INSERT INTO public.tweetlike (id, userid, tweetid, created) VALUES (467, 21, 3, '2019-03-12');
INSERT INTO public.tweetlike (id, userid, tweetid, created) VALUES (468, 1, 49, '2016-12-07');
INSERT INTO public.tweetlike (id, userid, tweetid, created) VALUES (469, 2, 49, '2017-12-16');
INSERT INTO public.tweetlike (id, userid, tweetid, created) VALUES (470, 4, 49, '2017-06-02');
INSERT INTO public.tweetlike (id, userid, tweetid, created) VALUES (471, 5, 49, '2019-06-22');
INSERT INTO public.tweetlike (id, userid, tweetid, created) VALUES (472, 6, 49, '2018-06-11');
INSERT INTO public.tweetlike (id, userid, tweetid, created) VALUES (473, 7, 49, '2018-10-08');
INSERT INTO public.tweetlike (id, userid, tweetid, created) VALUES (474, 10, 49, '2017-12-05');
INSERT INTO public.tweetlike (id, userid, tweetid, created) VALUES (475, 11, 49, '2019-03-26');
INSERT INTO public.tweetlike (id, userid, tweetid, created) VALUES (476, 13, 49, '2019-06-27');
INSERT INTO public.tweetlike (id, userid, tweetid, created) VALUES (477, 14, 49, '2019-10-07');
INSERT INTO public.tweetlike (id, userid, tweetid, created) VALUES (478, 15, 49, '2017-05-28');
INSERT INTO public.tweetlike (id, userid, tweetid, created) VALUES (479, 19, 49, '2018-05-20');
INSERT INTO public.tweetlike (id, userid, tweetid, created) VALUES (480, 1, 2, '2004-02-03');
INSERT INTO public.tweetlike (id, userid, tweetid, created) VALUES (481, 4, 2, '2014-12-12');
INSERT INTO public.tweetlike (id, userid, tweetid, created) VALUES (482, 6, 2, '2016-12-28');
INSERT INTO public.tweetlike (id, userid, tweetid, created) VALUES (483, 8, 2, '2015-07-16');
INSERT INTO public.tweetlike (id, userid, tweetid, created) VALUES (484, 10, 2, '2007-05-28');
INSERT INTO public.tweetlike (id, userid, tweetid, created) VALUES (485, 11, 2, '2006-07-18');
INSERT INTO public.tweetlike (id, userid, tweetid, created) VALUES (486, 12, 2, '2017-04-02');
INSERT INTO public.tweetlike (id, userid, tweetid, created) VALUES (487, 16, 2, '2011-10-23');
INSERT INTO public.tweetlike (id, userid, tweetid, created) VALUES (488, 2, 1, '2018-09-05');
INSERT INTO public.tweetlike (id, userid, tweetid, created) VALUES (489, 6, 1, '2019-10-13');
INSERT INTO public.tweetlike (id, userid, tweetid, created) VALUES (490, 9, 1, '2019-10-20');
INSERT INTO public.tweetlike (id, userid, tweetid, created) VALUES (491, 10, 1, '2017-11-24');
INSERT INTO public.tweetlike (id, userid, tweetid, created) VALUES (492, 13, 1, '2014-05-25');
INSERT INTO public.tweetlike (id, userid, tweetid, created) VALUES (493, 16, 1, '2017-10-11');
INSERT INTO public.tweetlike (id, userid, tweetid, created) VALUES (494, 19, 1, '2007-11-25');


--
-- Data for Name: tweetshare; Type: TABLE DATA; Schema: public; Owner: jeremy
--

INSERT INTO public.tweetshare (id, userid, tweetid) VALUES (1, 9, 25);
INSERT INTO public.tweetshare (id, userid, tweetid) VALUES (2, 11, 25);
INSERT INTO public.tweetshare (id, userid, tweetid) VALUES (3, 21, 25);
INSERT INTO public.tweetshare (id, userid, tweetid) VALUES (4, 2, 24);
INSERT INTO public.tweetshare (id, userid, tweetid) VALUES (5, 3, 24);
INSERT INTO public.tweetshare (id, userid, tweetid) VALUES (6, 4, 24);
INSERT INTO public.tweetshare (id, userid, tweetid) VALUES (7, 11, 24);
INSERT INTO public.tweetshare (id, userid, tweetid) VALUES (8, 16, 24);
INSERT INTO public.tweetshare (id, userid, tweetid) VALUES (9, 20, 24);
INSERT INTO public.tweetshare (id, userid, tweetid) VALUES (10, 1, 23);
INSERT INTO public.tweetshare (id, userid, tweetid) VALUES (11, 11, 23);
INSERT INTO public.tweetshare (id, userid, tweetid) VALUES (12, 19, 23);
INSERT INTO public.tweetshare (id, userid, tweetid) VALUES (13, 20, 23);
INSERT INTO public.tweetshare (id, userid, tweetid) VALUES (14, 21, 23);
INSERT INTO public.tweetshare (id, userid, tweetid) VALUES (15, 4, 22);
INSERT INTO public.tweetshare (id, userid, tweetid) VALUES (16, 5, 22);
INSERT INTO public.tweetshare (id, userid, tweetid) VALUES (17, 7, 22);
INSERT INTO public.tweetshare (id, userid, tweetid) VALUES (18, 9, 22);
INSERT INTO public.tweetshare (id, userid, tweetid) VALUES (19, 14, 22);
INSERT INTO public.tweetshare (id, userid, tweetid) VALUES (20, 15, 22);
INSERT INTO public.tweetshare (id, userid, tweetid) VALUES (21, 16, 22);
INSERT INTO public.tweetshare (id, userid, tweetid) VALUES (22, 10, 26);
INSERT INTO public.tweetshare (id, userid, tweetid) VALUES (23, 15, 26);
INSERT INTO public.tweetshare (id, userid, tweetid) VALUES (24, 19, 26);
INSERT INTO public.tweetshare (id, userid, tweetid) VALUES (25, 20, 26);
INSERT INTO public.tweetshare (id, userid, tweetid) VALUES (26, 6, 21);
INSERT INTO public.tweetshare (id, userid, tweetid) VALUES (27, 9, 21);
INSERT INTO public.tweetshare (id, userid, tweetid) VALUES (28, 10, 21);
INSERT INTO public.tweetshare (id, userid, tweetid) VALUES (29, 12, 21);
INSERT INTO public.tweetshare (id, userid, tweetid) VALUES (30, 21, 21);
INSERT INTO public.tweetshare (id, userid, tweetid) VALUES (31, 4, 29);
INSERT INTO public.tweetshare (id, userid, tweetid) VALUES (32, 15, 29);
INSERT INTO public.tweetshare (id, userid, tweetid) VALUES (33, 2, 30);
INSERT INTO public.tweetshare (id, userid, tweetid) VALUES (34, 4, 30);
INSERT INTO public.tweetshare (id, userid, tweetid) VALUES (35, 13, 30);
INSERT INTO public.tweetshare (id, userid, tweetid) VALUES (36, 14, 30);
INSERT INTO public.tweetshare (id, userid, tweetid) VALUES (37, 15, 30);
INSERT INTO public.tweetshare (id, userid, tweetid) VALUES (38, 19, 30);
INSERT INTO public.tweetshare (id, userid, tweetid) VALUES (39, 3, 28);
INSERT INTO public.tweetshare (id, userid, tweetid) VALUES (40, 12, 28);
INSERT INTO public.tweetshare (id, userid, tweetid) VALUES (41, 16, 28);
INSERT INTO public.tweetshare (id, userid, tweetid) VALUES (42, 19, 28);
INSERT INTO public.tweetshare (id, userid, tweetid) VALUES (43, 11, 27);
INSERT INTO public.tweetshare (id, userid, tweetid) VALUES (44, 12, 27);
INSERT INTO public.tweetshare (id, userid, tweetid) VALUES (45, 14, 27);
INSERT INTO public.tweetshare (id, userid, tweetid) VALUES (46, 2, 31);
INSERT INTO public.tweetshare (id, userid, tweetid) VALUES (47, 6, 31);
INSERT INTO public.tweetshare (id, userid, tweetid) VALUES (48, 12, 31);
INSERT INTO public.tweetshare (id, userid, tweetid) VALUES (49, 19, 31);
INSERT INTO public.tweetshare (id, userid, tweetid) VALUES (50, 21, 31);
INSERT INTO public.tweetshare (id, userid, tweetid) VALUES (51, 1, 32);
INSERT INTO public.tweetshare (id, userid, tweetid) VALUES (52, 7, 32);
INSERT INTO public.tweetshare (id, userid, tweetid) VALUES (53, 11, 32);
INSERT INTO public.tweetshare (id, userid, tweetid) VALUES (54, 16, 32);
INSERT INTO public.tweetshare (id, userid, tweetid) VALUES (55, 3, 35);
INSERT INTO public.tweetshare (id, userid, tweetid) VALUES (56, 8, 35);
INSERT INTO public.tweetshare (id, userid, tweetid) VALUES (57, 12, 35);
INSERT INTO public.tweetshare (id, userid, tweetid) VALUES (58, 16, 34);
INSERT INTO public.tweetshare (id, userid, tweetid) VALUES (59, 18, 34);
INSERT INTO public.tweetshare (id, userid, tweetid) VALUES (60, 1, 33);
INSERT INTO public.tweetshare (id, userid, tweetid) VALUES (61, 9, 33);
INSERT INTO public.tweetshare (id, userid, tweetid) VALUES (62, 14, 33);
INSERT INTO public.tweetshare (id, userid, tweetid) VALUES (63, 17, 33);
INSERT INTO public.tweetshare (id, userid, tweetid) VALUES (64, 2, 37);
INSERT INTO public.tweetshare (id, userid, tweetid) VALUES (65, 5, 37);
INSERT INTO public.tweetshare (id, userid, tweetid) VALUES (66, 8, 37);
INSERT INTO public.tweetshare (id, userid, tweetid) VALUES (67, 9, 37);
INSERT INTO public.tweetshare (id, userid, tweetid) VALUES (68, 15, 37);
INSERT INTO public.tweetshare (id, userid, tweetid) VALUES (69, 20, 37);
INSERT INTO public.tweetshare (id, userid, tweetid) VALUES (70, 1, 36);
INSERT INTO public.tweetshare (id, userid, tweetid) VALUES (71, 4, 36);
INSERT INTO public.tweetshare (id, userid, tweetid) VALUES (72, 6, 36);
INSERT INTO public.tweetshare (id, userid, tweetid) VALUES (73, 14, 36);
INSERT INTO public.tweetshare (id, userid, tweetid) VALUES (74, 15, 36);
INSERT INTO public.tweetshare (id, userid, tweetid) VALUES (75, 16, 36);
INSERT INTO public.tweetshare (id, userid, tweetid) VALUES (76, 17, 36);
INSERT INTO public.tweetshare (id, userid, tweetid) VALUES (77, 18, 36);
INSERT INTO public.tweetshare (id, userid, tweetid) VALUES (78, 2, 38);
INSERT INTO public.tweetshare (id, userid, tweetid) VALUES (79, 12, 38);
INSERT INTO public.tweetshare (id, userid, tweetid) VALUES (80, 15, 38);
INSERT INTO public.tweetshare (id, userid, tweetid) VALUES (81, 4, 20);
INSERT INTO public.tweetshare (id, userid, tweetid) VALUES (82, 11, 20);
INSERT INTO public.tweetshare (id, userid, tweetid) VALUES (83, 16, 20);
INSERT INTO public.tweetshare (id, userid, tweetid) VALUES (84, 16, 19);
INSERT INTO public.tweetshare (id, userid, tweetid) VALUES (85, 5, 18);
INSERT INTO public.tweetshare (id, userid, tweetid) VALUES (86, 6, 18);
INSERT INTO public.tweetshare (id, userid, tweetid) VALUES (87, 11, 18);
INSERT INTO public.tweetshare (id, userid, tweetid) VALUES (88, 16, 18);
INSERT INTO public.tweetshare (id, userid, tweetid) VALUES (89, 18, 18);
INSERT INTO public.tweetshare (id, userid, tweetid) VALUES (90, 21, 18);
INSERT INTO public.tweetshare (id, userid, tweetid) VALUES (91, 2, 17);
INSERT INTO public.tweetshare (id, userid, tweetid) VALUES (92, 7, 17);
INSERT INTO public.tweetshare (id, userid, tweetid) VALUES (93, 8, 17);
INSERT INTO public.tweetshare (id, userid, tweetid) VALUES (94, 10, 17);
INSERT INTO public.tweetshare (id, userid, tweetid) VALUES (95, 18, 17);
INSERT INTO public.tweetshare (id, userid, tweetid) VALUES (96, 20, 17);
INSERT INTO public.tweetshare (id, userid, tweetid) VALUES (97, 1, 39);
INSERT INTO public.tweetshare (id, userid, tweetid) VALUES (98, 2, 39);
INSERT INTO public.tweetshare (id, userid, tweetid) VALUES (99, 6, 39);
INSERT INTO public.tweetshare (id, userid, tweetid) VALUES (100, 9, 39);
INSERT INTO public.tweetshare (id, userid, tweetid) VALUES (101, 13, 39);
INSERT INTO public.tweetshare (id, userid, tweetid) VALUES (102, 2, 16);
INSERT INTO public.tweetshare (id, userid, tweetid) VALUES (103, 3, 16);
INSERT INTO public.tweetshare (id, userid, tweetid) VALUES (104, 15, 16);
INSERT INTO public.tweetshare (id, userid, tweetid) VALUES (105, 9, 15);
INSERT INTO public.tweetshare (id, userid, tweetid) VALUES (106, 18, 15);
INSERT INTO public.tweetshare (id, userid, tweetid) VALUES (107, 15, 14);
INSERT INTO public.tweetshare (id, userid, tweetid) VALUES (108, 21, 14);
INSERT INTO public.tweetshare (id, userid, tweetid) VALUES (109, 2, 40);
INSERT INTO public.tweetshare (id, userid, tweetid) VALUES (110, 4, 40);
INSERT INTO public.tweetshare (id, userid, tweetid) VALUES (111, 18, 40);
INSERT INTO public.tweetshare (id, userid, tweetid) VALUES (112, 3, 41);
INSERT INTO public.tweetshare (id, userid, tweetid) VALUES (113, 10, 41);
INSERT INTO public.tweetshare (id, userid, tweetid) VALUES (114, 12, 41);
INSERT INTO public.tweetshare (id, userid, tweetid) VALUES (115, 14, 41);
INSERT INTO public.tweetshare (id, userid, tweetid) VALUES (116, 21, 41);
INSERT INTO public.tweetshare (id, userid, tweetid) VALUES (117, 8, 13);
INSERT INTO public.tweetshare (id, userid, tweetid) VALUES (118, 9, 13);
INSERT INTO public.tweetshare (id, userid, tweetid) VALUES (119, 10, 13);
INSERT INTO public.tweetshare (id, userid, tweetid) VALUES (120, 15, 13);
INSERT INTO public.tweetshare (id, userid, tweetid) VALUES (121, 1, 12);
INSERT INTO public.tweetshare (id, userid, tweetid) VALUES (122, 3, 12);
INSERT INTO public.tweetshare (id, userid, tweetid) VALUES (123, 5, 12);
INSERT INTO public.tweetshare (id, userid, tweetid) VALUES (124, 9, 12);
INSERT INTO public.tweetshare (id, userid, tweetid) VALUES (125, 13, 12);
INSERT INTO public.tweetshare (id, userid, tweetid) VALUES (126, 2, 42);
INSERT INTO public.tweetshare (id, userid, tweetid) VALUES (127, 6, 42);
INSERT INTO public.tweetshare (id, userid, tweetid) VALUES (128, 7, 42);
INSERT INTO public.tweetshare (id, userid, tweetid) VALUES (129, 12, 42);
INSERT INTO public.tweetshare (id, userid, tweetid) VALUES (130, 14, 42);
INSERT INTO public.tweetshare (id, userid, tweetid) VALUES (131, 17, 42);
INSERT INTO public.tweetshare (id, userid, tweetid) VALUES (132, 21, 42);
INSERT INTO public.tweetshare (id, userid, tweetid) VALUES (133, 10, 11);
INSERT INTO public.tweetshare (id, userid, tweetid) VALUES (134, 12, 11);
INSERT INTO public.tweetshare (id, userid, tweetid) VALUES (135, 20, 11);
INSERT INTO public.tweetshare (id, userid, tweetid) VALUES (136, 21, 11);
INSERT INTO public.tweetshare (id, userid, tweetid) VALUES (137, 15, 10);
INSERT INTO public.tweetshare (id, userid, tweetid) VALUES (138, 20, 10);
INSERT INTO public.tweetshare (id, userid, tweetid) VALUES (139, 3, 43);
INSERT INTO public.tweetshare (id, userid, tweetid) VALUES (140, 8, 43);
INSERT INTO public.tweetshare (id, userid, tweetid) VALUES (141, 17, 43);
INSERT INTO public.tweetshare (id, userid, tweetid) VALUES (142, 1, 9);
INSERT INTO public.tweetshare (id, userid, tweetid) VALUES (143, 8, 9);
INSERT INTO public.tweetshare (id, userid, tweetid) VALUES (144, 9, 9);
INSERT INTO public.tweetshare (id, userid, tweetid) VALUES (145, 15, 9);
INSERT INTO public.tweetshare (id, userid, tweetid) VALUES (146, 21, 9);
INSERT INTO public.tweetshare (id, userid, tweetid) VALUES (147, 13, 45);
INSERT INTO public.tweetshare (id, userid, tweetid) VALUES (148, 2, 44);
INSERT INTO public.tweetshare (id, userid, tweetid) VALUES (149, 19, 44);
INSERT INTO public.tweetshare (id, userid, tweetid) VALUES (150, 1, 7);
INSERT INTO public.tweetshare (id, userid, tweetid) VALUES (151, 3, 7);
INSERT INTO public.tweetshare (id, userid, tweetid) VALUES (152, 4, 7);
INSERT INTO public.tweetshare (id, userid, tweetid) VALUES (153, 6, 7);
INSERT INTO public.tweetshare (id, userid, tweetid) VALUES (154, 11, 7);
INSERT INTO public.tweetshare (id, userid, tweetid) VALUES (155, 13, 7);
INSERT INTO public.tweetshare (id, userid, tweetid) VALUES (156, 15, 7);
INSERT INTO public.tweetshare (id, userid, tweetid) VALUES (157, 1, 46);
INSERT INTO public.tweetshare (id, userid, tweetid) VALUES (158, 5, 46);
INSERT INTO public.tweetshare (id, userid, tweetid) VALUES (159, 7, 46);
INSERT INTO public.tweetshare (id, userid, tweetid) VALUES (160, 8, 46);
INSERT INTO public.tweetshare (id, userid, tweetid) VALUES (161, 11, 46);
INSERT INTO public.tweetshare (id, userid, tweetid) VALUES (162, 19, 46);
INSERT INTO public.tweetshare (id, userid, tweetid) VALUES (163, 20, 46);
INSERT INTO public.tweetshare (id, userid, tweetid) VALUES (164, 3, 6);
INSERT INTO public.tweetshare (id, userid, tweetid) VALUES (165, 13, 6);
INSERT INTO public.tweetshare (id, userid, tweetid) VALUES (166, 14, 6);
INSERT INTO public.tweetshare (id, userid, tweetid) VALUES (167, 7, 5);
INSERT INTO public.tweetshare (id, userid, tweetid) VALUES (168, 11, 5);
INSERT INTO public.tweetshare (id, userid, tweetid) VALUES (169, 15, 5);
INSERT INTO public.tweetshare (id, userid, tweetid) VALUES (170, 1, 47);
INSERT INTO public.tweetshare (id, userid, tweetid) VALUES (171, 12, 47);
INSERT INTO public.tweetshare (id, userid, tweetid) VALUES (172, 3, 48);
INSERT INTO public.tweetshare (id, userid, tweetid) VALUES (173, 9, 48);
INSERT INTO public.tweetshare (id, userid, tweetid) VALUES (174, 4, 4);
INSERT INTO public.tweetshare (id, userid, tweetid) VALUES (175, 6, 4);
INSERT INTO public.tweetshare (id, userid, tweetid) VALUES (176, 10, 4);
INSERT INTO public.tweetshare (id, userid, tweetid) VALUES (177, 14, 4);
INSERT INTO public.tweetshare (id, userid, tweetid) VALUES (178, 16, 4);
INSERT INTO public.tweetshare (id, userid, tweetid) VALUES (179, 18, 4);
INSERT INTO public.tweetshare (id, userid, tweetid) VALUES (180, 19, 4);
INSERT INTO public.tweetshare (id, userid, tweetid) VALUES (181, 21, 4);
INSERT INTO public.tweetshare (id, userid, tweetid) VALUES (182, 4, 3);
INSERT INTO public.tweetshare (id, userid, tweetid) VALUES (183, 9, 3);
INSERT INTO public.tweetshare (id, userid, tweetid) VALUES (184, 11, 3);
INSERT INTO public.tweetshare (id, userid, tweetid) VALUES (185, 12, 3);
INSERT INTO public.tweetshare (id, userid, tweetid) VALUES (186, 17, 3);
INSERT INTO public.tweetshare (id, userid, tweetid) VALUES (187, 7, 49);
INSERT INTO public.tweetshare (id, userid, tweetid) VALUES (188, 12, 49);
INSERT INTO public.tweetshare (id, userid, tweetid) VALUES (189, 20, 49);
INSERT INTO public.tweetshare (id, userid, tweetid) VALUES (190, 21, 49);
INSERT INTO public.tweetshare (id, userid, tweetid) VALUES (191, 1, 2);
INSERT INTO public.tweetshare (id, userid, tweetid) VALUES (192, 5, 2);
INSERT INTO public.tweetshare (id, userid, tweetid) VALUES (193, 11, 2);
INSERT INTO public.tweetshare (id, userid, tweetid) VALUES (194, 21, 2);
INSERT INTO public.tweetshare (id, userid, tweetid) VALUES (195, 3, 1);
INSERT INTO public.tweetshare (id, userid, tweetid) VALUES (196, 5, 1);
INSERT INTO public.tweetshare (id, userid, tweetid) VALUES (197, 11, 1);
INSERT INTO public.tweetshare (id, userid, tweetid) VALUES (198, 16, 1);


--
-- Data for Name: userfollow; Type: TABLE DATA; Schema: public; Owner: jeremy
--

INSERT INTO public.userfollow (id, sourceid, targetid) VALUES (1, 1, 1);
INSERT INTO public.userfollow (id, sourceid, targetid) VALUES (2, 1, 4);
INSERT INTO public.userfollow (id, sourceid, targetid) VALUES (3, 1, 10);
INSERT INTO public.userfollow (id, sourceid, targetid) VALUES (4, 1, 11);
INSERT INTO public.userfollow (id, sourceid, targetid) VALUES (5, 2, 3);
INSERT INTO public.userfollow (id, sourceid, targetid) VALUES (6, 3, 9);
INSERT INTO public.userfollow (id, sourceid, targetid) VALUES (7, 3, 12);
INSERT INTO public.userfollow (id, sourceid, targetid) VALUES (8, 3, 21);
INSERT INTO public.userfollow (id, sourceid, targetid) VALUES (9, 4, 4);
INSERT INTO public.userfollow (id, sourceid, targetid) VALUES (10, 4, 14);
INSERT INTO public.userfollow (id, sourceid, targetid) VALUES (11, 4, 15);
INSERT INTO public.userfollow (id, sourceid, targetid) VALUES (12, 4, 17);
INSERT INTO public.userfollow (id, sourceid, targetid) VALUES (13, 5, 4);
INSERT INTO public.userfollow (id, sourceid, targetid) VALUES (14, 5, 6);
INSERT INTO public.userfollow (id, sourceid, targetid) VALUES (15, 5, 7);
INSERT INTO public.userfollow (id, sourceid, targetid) VALUES (16, 5, 15);
INSERT INTO public.userfollow (id, sourceid, targetid) VALUES (17, 6, 1);
INSERT INTO public.userfollow (id, sourceid, targetid) VALUES (18, 6, 8);
INSERT INTO public.userfollow (id, sourceid, targetid) VALUES (19, 6, 12);
INSERT INTO public.userfollow (id, sourceid, targetid) VALUES (20, 6, 18);
INSERT INTO public.userfollow (id, sourceid, targetid) VALUES (21, 7, 6);
INSERT INTO public.userfollow (id, sourceid, targetid) VALUES (22, 7, 7);
INSERT INTO public.userfollow (id, sourceid, targetid) VALUES (23, 7, 10);
INSERT INTO public.userfollow (id, sourceid, targetid) VALUES (24, 7, 17);
INSERT INTO public.userfollow (id, sourceid, targetid) VALUES (25, 8, 6);
INSERT INTO public.userfollow (id, sourceid, targetid) VALUES (26, 8, 9);
INSERT INTO public.userfollow (id, sourceid, targetid) VALUES (27, 8, 11);
INSERT INTO public.userfollow (id, sourceid, targetid) VALUES (28, 8, 14);
INSERT INTO public.userfollow (id, sourceid, targetid) VALUES (29, 9, 3);
INSERT INTO public.userfollow (id, sourceid, targetid) VALUES (30, 9, 4);
INSERT INTO public.userfollow (id, sourceid, targetid) VALUES (31, 9, 20);
INSERT INTO public.userfollow (id, sourceid, targetid) VALUES (32, 10, 1);
INSERT INTO public.userfollow (id, sourceid, targetid) VALUES (33, 10, 2);
INSERT INTO public.userfollow (id, sourceid, targetid) VALUES (34, 10, 4);
INSERT INTO public.userfollow (id, sourceid, targetid) VALUES (35, 10, 6);
INSERT INTO public.userfollow (id, sourceid, targetid) VALUES (36, 10, 7);
INSERT INTO public.userfollow (id, sourceid, targetid) VALUES (37, 10, 8);
INSERT INTO public.userfollow (id, sourceid, targetid) VALUES (38, 10, 12);
INSERT INTO public.userfollow (id, sourceid, targetid) VALUES (39, 10, 13);
INSERT INTO public.userfollow (id, sourceid, targetid) VALUES (40, 10, 14);
INSERT INTO public.userfollow (id, sourceid, targetid) VALUES (41, 10, 16);
INSERT INTO public.userfollow (id, sourceid, targetid) VALUES (42, 10, 18);
INSERT INTO public.userfollow (id, sourceid, targetid) VALUES (43, 11, 3);
INSERT INTO public.userfollow (id, sourceid, targetid) VALUES (44, 11, 8);
INSERT INTO public.userfollow (id, sourceid, targetid) VALUES (45, 11, 10);
INSERT INTO public.userfollow (id, sourceid, targetid) VALUES (46, 12, 6);
INSERT INTO public.userfollow (id, sourceid, targetid) VALUES (47, 12, 14);
INSERT INTO public.userfollow (id, sourceid, targetid) VALUES (48, 12, 18);
INSERT INTO public.userfollow (id, sourceid, targetid) VALUES (49, 13, 1);
INSERT INTO public.userfollow (id, sourceid, targetid) VALUES (50, 13, 6);
INSERT INTO public.userfollow (id, sourceid, targetid) VALUES (51, 13, 12);
INSERT INTO public.userfollow (id, sourceid, targetid) VALUES (52, 13, 18);
INSERT INTO public.userfollow (id, sourceid, targetid) VALUES (53, 13, 19);
INSERT INTO public.userfollow (id, sourceid, targetid) VALUES (54, 14, 5);
INSERT INTO public.userfollow (id, sourceid, targetid) VALUES (55, 14, 6);
INSERT INTO public.userfollow (id, sourceid, targetid) VALUES (56, 14, 9);
INSERT INTO public.userfollow (id, sourceid, targetid) VALUES (57, 14, 17);
INSERT INTO public.userfollow (id, sourceid, targetid) VALUES (58, 14, 18);
INSERT INTO public.userfollow (id, sourceid, targetid) VALUES (59, 14, 21);
INSERT INTO public.userfollow (id, sourceid, targetid) VALUES (60, 15, 10);
INSERT INTO public.userfollow (id, sourceid, targetid) VALUES (61, 15, 17);
INSERT INTO public.userfollow (id, sourceid, targetid) VALUES (62, 15, 18);
INSERT INTO public.userfollow (id, sourceid, targetid) VALUES (63, 15, 20);
INSERT INTO public.userfollow (id, sourceid, targetid) VALUES (64, 15, 21);
INSERT INTO public.userfollow (id, sourceid, targetid) VALUES (65, 16, 3);
INSERT INTO public.userfollow (id, sourceid, targetid) VALUES (66, 16, 10);
INSERT INTO public.userfollow (id, sourceid, targetid) VALUES (67, 17, 1);
INSERT INTO public.userfollow (id, sourceid, targetid) VALUES (68, 17, 10);
INSERT INTO public.userfollow (id, sourceid, targetid) VALUES (69, 17, 14);
INSERT INTO public.userfollow (id, sourceid, targetid) VALUES (70, 17, 16);
INSERT INTO public.userfollow (id, sourceid, targetid) VALUES (71, 17, 20);
INSERT INTO public.userfollow (id, sourceid, targetid) VALUES (72, 18, 3);
INSERT INTO public.userfollow (id, sourceid, targetid) VALUES (73, 18, 5);
INSERT INTO public.userfollow (id, sourceid, targetid) VALUES (74, 18, 12);
INSERT INTO public.userfollow (id, sourceid, targetid) VALUES (75, 18, 18);
INSERT INTO public.userfollow (id, sourceid, targetid) VALUES (76, 19, 2);
INSERT INTO public.userfollow (id, sourceid, targetid) VALUES (77, 19, 19);
INSERT INTO public.userfollow (id, sourceid, targetid) VALUES (78, 20, 6);
INSERT INTO public.userfollow (id, sourceid, targetid) VALUES (79, 20, 14);
INSERT INTO public.userfollow (id, sourceid, targetid) VALUES (80, 20, 18);
INSERT INTO public.userfollow (id, sourceid, targetid) VALUES (81, 20, 19);
INSERT INTO public.userfollow (id, sourceid, targetid) VALUES (82, 20, 20);
INSERT INTO public.userfollow (id, sourceid, targetid) VALUES (83, 21, 1);
INSERT INTO public.userfollow (id, sourceid, targetid) VALUES (84, 21, 2);
INSERT INTO public.userfollow (id, sourceid, targetid) VALUES (85, 21, 3);
INSERT INTO public.userfollow (id, sourceid, targetid) VALUES (86, 21, 9);
INSERT INTO public.userfollow (id, sourceid, targetid) VALUES (87, 21, 13);
INSERT INTO public.userfollow (id, sourceid, targetid) VALUES (88, 21, 16);
INSERT INTO public.userfollow (id, sourceid, targetid) VALUES (89, 21, 19);
INSERT INTO public.userfollow (id, sourceid, targetid) VALUES (90, 21, 20);


--
-- Data for Name: usermention; Type: TABLE DATA; Schema: public; Owner: jeremy
--

INSERT INTO public.usermention (id, tweetid, userid) VALUES (1, 1, 6);
INSERT INTO public.usermention (id, tweetid, userid) VALUES (2, 2, 17);
INSERT INTO public.usermention (id, tweetid, userid) VALUES (3, 2, 3);
INSERT INTO public.usermention (id, tweetid, userid) VALUES (4, 2, 18);
INSERT INTO public.usermention (id, tweetid, userid) VALUES (5, 2, 7);
INSERT INTO public.usermention (id, tweetid, userid) VALUES (6, 2, 4);
INSERT INTO public.usermention (id, tweetid, userid) VALUES (7, 3, 3);
INSERT INTO public.usermention (id, tweetid, userid) VALUES (8, 3, 7);
INSERT INTO public.usermention (id, tweetid, userid) VALUES (9, 3, 17);
INSERT INTO public.usermention (id, tweetid, userid) VALUES (10, 3, 8);
INSERT INTO public.usermention (id, tweetid, userid) VALUES (11, 3, 20);
INSERT INTO public.usermention (id, tweetid, userid) VALUES (12, 3, 6);
INSERT INTO public.usermention (id, tweetid, userid) VALUES (13, 4, 2);
INSERT INTO public.usermention (id, tweetid, userid) VALUES (14, 5, 13);
INSERT INTO public.usermention (id, tweetid, userid) VALUES (15, 5, 15);
INSERT INTO public.usermention (id, tweetid, userid) VALUES (16, 5, 17);
INSERT INTO public.usermention (id, tweetid, userid) VALUES (17, 5, 4);
INSERT INTO public.usermention (id, tweetid, userid) VALUES (18, 8, 8);
INSERT INTO public.usermention (id, tweetid, userid) VALUES (19, 11, 11);
INSERT INTO public.usermention (id, tweetid, userid) VALUES (20, 11, 6);
INSERT INTO public.usermention (id, tweetid, userid) VALUES (21, 11, 21);
INSERT INTO public.usermention (id, tweetid, userid) VALUES (22, 11, 15);
INSERT INTO public.usermention (id, tweetid, userid) VALUES (23, 12, 11);
INSERT INTO public.usermention (id, tweetid, userid) VALUES (24, 12, 19);
INSERT INTO public.usermention (id, tweetid, userid) VALUES (25, 12, 21);
INSERT INTO public.usermention (id, tweetid, userid) VALUES (26, 12, 9);
INSERT INTO public.usermention (id, tweetid, userid) VALUES (27, 13, 8);
INSERT INTO public.usermention (id, tweetid, userid) VALUES (28, 13, 4);
INSERT INTO public.usermention (id, tweetid, userid) VALUES (29, 14, 6);
INSERT INTO public.usermention (id, tweetid, userid) VALUES (30, 15, 5);
INSERT INTO public.usermention (id, tweetid, userid) VALUES (31, 16, 19);
INSERT INTO public.usermention (id, tweetid, userid) VALUES (32, 16, 15);
INSERT INTO public.usermention (id, tweetid, userid) VALUES (33, 17, 20);
INSERT INTO public.usermention (id, tweetid, userid) VALUES (34, 17, 18);
INSERT INTO public.usermention (id, tweetid, userid) VALUES (35, 17, 1);
INSERT INTO public.usermention (id, tweetid, userid) VALUES (36, 20, 3);
INSERT INTO public.usermention (id, tweetid, userid) VALUES (37, 20, 15);
INSERT INTO public.usermention (id, tweetid, userid) VALUES (38, 24, 16);
INSERT INTO public.usermention (id, tweetid, userid) VALUES (39, 24, 12);
INSERT INTO public.usermention (id, tweetid, userid) VALUES (40, 24, 21);
INSERT INTO public.usermention (id, tweetid, userid) VALUES (41, 24, 6);
INSERT INTO public.usermention (id, tweetid, userid) VALUES (42, 26, 4);
INSERT INTO public.usermention (id, tweetid, userid) VALUES (43, 27, 18);
INSERT INTO public.usermention (id, tweetid, userid) VALUES (44, 29, 3);
INSERT INTO public.usermention (id, tweetid, userid) VALUES (45, 29, 8);
INSERT INTO public.usermention (id, tweetid, userid) VALUES (46, 29, 1);
INSERT INTO public.usermention (id, tweetid, userid) VALUES (47, 29, 5);
INSERT INTO public.usermention (id, tweetid, userid) VALUES (48, 29, 15);
INSERT INTO public.usermention (id, tweetid, userid) VALUES (49, 29, 20);
INSERT INTO public.usermention (id, tweetid, userid) VALUES (50, 31, 11);
INSERT INTO public.usermention (id, tweetid, userid) VALUES (51, 31, 7);
INSERT INTO public.usermention (id, tweetid, userid) VALUES (52, 31, 21);
INSERT INTO public.usermention (id, tweetid, userid) VALUES (53, 31, 2);
INSERT INTO public.usermention (id, tweetid, userid) VALUES (54, 31, 17);
INSERT INTO public.usermention (id, tweetid, userid) VALUES (55, 32, 14);
INSERT INTO public.usermention (id, tweetid, userid) VALUES (56, 32, 11);
INSERT INTO public.usermention (id, tweetid, userid) VALUES (57, 32, 7);
INSERT INTO public.usermention (id, tweetid, userid) VALUES (58, 32, 12);
INSERT INTO public.usermention (id, tweetid, userid) VALUES (59, 32, 3);
INSERT INTO public.usermention (id, tweetid, userid) VALUES (60, 34, 19);
INSERT INTO public.usermention (id, tweetid, userid) VALUES (61, 34, 2);
INSERT INTO public.usermention (id, tweetid, userid) VALUES (62, 34, 14);
INSERT INTO public.usermention (id, tweetid, userid) VALUES (63, 34, 10);
INSERT INTO public.usermention (id, tweetid, userid) VALUES (64, 34, 5);
INSERT INTO public.usermention (id, tweetid, userid) VALUES (65, 34, 13);
INSERT INTO public.usermention (id, tweetid, userid) VALUES (66, 35, 21);
INSERT INTO public.usermention (id, tweetid, userid) VALUES (67, 36, 2);
INSERT INTO public.usermention (id, tweetid, userid) VALUES (68, 36, 9);
INSERT INTO public.usermention (id, tweetid, userid) VALUES (69, 36, 20);
INSERT INTO public.usermention (id, tweetid, userid) VALUES (70, 37, 15);
INSERT INTO public.usermention (id, tweetid, userid) VALUES (71, 37, 8);
INSERT INTO public.usermention (id, tweetid, userid) VALUES (72, 37, 4);
INSERT INTO public.usermention (id, tweetid, userid) VALUES (73, 37, 16);
INSERT INTO public.usermention (id, tweetid, userid) VALUES (74, 37, 17);
INSERT INTO public.usermention (id, tweetid, userid) VALUES (75, 40, 8);
INSERT INTO public.usermention (id, tweetid, userid) VALUES (76, 40, 13);
INSERT INTO public.usermention (id, tweetid, userid) VALUES (77, 41, 9);
INSERT INTO public.usermention (id, tweetid, userid) VALUES (78, 41, 15);
INSERT INTO public.usermention (id, tweetid, userid) VALUES (79, 41, 17);
INSERT INTO public.usermention (id, tweetid, userid) VALUES (80, 42, 13);
INSERT INTO public.usermention (id, tweetid, userid) VALUES (81, 42, 17);
INSERT INTO public.usermention (id, tweetid, userid) VALUES (82, 42, 19);
INSERT INTO public.usermention (id, tweetid, userid) VALUES (83, 42, 15);
INSERT INTO public.usermention (id, tweetid, userid) VALUES (84, 43, 14);
INSERT INTO public.usermention (id, tweetid, userid) VALUES (85, 46, 20);
INSERT INTO public.usermention (id, tweetid, userid) VALUES (86, 46, 1);
INSERT INTO public.usermention (id, tweetid, userid) VALUES (87, 46, 21);
INSERT INTO public.usermention (id, tweetid, userid) VALUES (88, 47, 2);
INSERT INTO public.usermention (id, tweetid, userid) VALUES (89, 48, 3);
INSERT INTO public.usermention (id, tweetid, userid) VALUES (90, 49, 18);
INSERT INTO public.usermention (id, tweetid, userid) VALUES (91, 49, 5);
INSERT INTO public.usermention (id, tweetid, userid) VALUES (92, 49, 1);
INSERT INTO public.usermention (id, tweetid, userid) VALUES (93, 49, 19);


--
-- Name: topic_id_seq; Type: SEQUENCE SET; Schema: public; Owner: jeremy
--

SELECT pg_catalog.setval('public.topic_id_seq', 130, true);


--
-- Name: topicfollow_id_seq; Type: SEQUENCE SET; Schema: public; Owner: jeremy
--

SELECT pg_catalog.setval('public.topicfollow_id_seq', 1121, true);


--
-- Name: topicmention_id_seq; Type: SEQUENCE SET; Schema: public; Owner: jeremy
--

SELECT pg_catalog.setval('public.topicmention_id_seq', 149, true);


--
-- Name: tweet_id_seq; Type: SEQUENCE SET; Schema: public; Owner: jeremy
--

SELECT pg_catalog.setval('public.tweet_id_seq', 49, true);


--
-- Name: tweetlike_id_seq; Type: SEQUENCE SET; Schema: public; Owner: jeremy
--

SELECT pg_catalog.setval('public.tweetlike_id_seq', 494, true);


--
-- Name: tweetshare_id_seq; Type: SEQUENCE SET; Schema: public; Owner: jeremy
--

SELECT pg_catalog.setval('public.tweetshare_id_seq', 198, true);


--
-- Name: twither_user_id_seq; Type: SEQUENCE SET; Schema: public; Owner: jeremy
--

SELECT pg_catalog.setval('public.twither_user_id_seq', 21, true);


--
-- Name: userfollow_id_seq; Type: SEQUENCE SET; Schema: public; Owner: jeremy
--

SELECT pg_catalog.setval('public.userfollow_id_seq', 90, true);


--
-- Name: usermention_id_seq; Type: SEQUENCE SET; Schema: public; Owner: jeremy
--

SELECT pg_catalog.setval('public.usermention_id_seq', 93, true);


--
-- PostgreSQL database dump complete
--

